session_id,message_index,t_start_sec,t_end_sec,emotion_visual_deployed,n_frames_with_face,fer_p_angry,fer_p_disgust,fer_p_fear,fer_p_happy,fer_p_neutral,fer_p_sad,fer_p_surprise
00_00_00_02_07_00_00,0,37.75,41.96,happy,3,0.0006353628099165034,0.0020163836989942805,0.0011356969142804069,0.40888850357099654,0.5854858644539346,0.0007821259056246663,0.001056062646253083
00_00_00_02_07_00_00,2,52.91,58.277,happy,3,0.0006389738049889841,0.0020232224164696035,0.00042634171105023156,0.6602802885260549,0.335671092951233,0.0004985862442136004,0.00046149434598977563
00_00_00_02_07_00_00,4,784.762,787.514,happy,3,0.0012342668241399945,0.028494804234112672,0.0005960787787580121,0.2647776746214261,0.7002391265997656,0.0018155333679387247,0.00284251557385891
00_00_00_02_07_00_00,6,781.762,789.086,happy,3,0.002661690716782762,0.04829145203198944,0.0006049150091611515,0.17721974984742742,0.7673493988422866,0.0009066455630994906,0.002966147989253028
00_00_00_02_07_00_00,10,935.05,942.669,happy,3,0.0007588741238789611,0.005729522788353724,0.0001223642676841512,0.07924048212460601,0.9136296236222793,0.00015956342609555277,0.0003595696471024549
00_00_00_02_07_00_00,12,530.321,533.209,happy,3,0.0002029522268988888,0.0034906760464203015,3.760092049526205e-05,0.8609005609174097,0.1349488601877717,0.0003768037791835889,4.2545921820330314e-05
00_00_00_02_07_00_00,14,807.843,815.958,happy,3,2.0731339999679383e-05,4.294044285623011e-05,8.366400950598842e-06,0.9939124865169161,0.005833666436966934,0.00012168542310186706,6.012343920856251e-05
00_00_00_02_07_00_00,16,720.751,731.771,happy,3,0.0037231215195040607,0.019530821991986195,0.0015743056079955567,0.782959837401226,0.1879038739417969,0.0016668256357961835,0.0026412139016951932
00_00_00_02_07_00_00,18,817.734,821.774,happy,3,0.000164590529307587,0.003961430511808642,9.27135645614022e-05,0.21087671144502593,0.7843424463009929,0.00023992539307797394,0.0003221822552256134
00_00_00_02_07_00_00,20,738.8,746.589,happy,3,6.894376794259392e-05,0.0013007967489703344,4.996124235277139e-05,0.7014135205956664,0.29689195254157574,0.00018723401590426523,8.759108758779201e-05
00_00_00_02_07_00_00,22,642.267,648.8,happy,3,0.00013623804966411706,0.0025915537722683677,4.8995833049308715e-05,0.06598080286226086,0.9290180629580163,0.0020847626811349336,0.00013958384360632123
00_00_00_02_07_00_00,24,908.673,913.455,happy,3,2.6188315777317578e-05,0.0009439723436830759,1.8900019425329006e-05,0.02056065270234355,0.9782186846429536,8.309395623361592e-05,0.00014850801958343882
00_00_00_02_07_00_00,26,909.8,912.559,happy,3,8.482896208204758e-05,0.0006171828344120011,4.06910277341589e-05,0.03682698030443871,0.9618945295165314,0.0002526502839898414,0.0002831370708118017
00_00_00_02_07_00_00,28,876.6,882.741,happy,3,0.000515338997396094,0.005673436690500036,0.00019407169273002393,0.18068044416373916,0.8103650313958211,0.0015398205539275797,0.001031856505886041
00_00_00_02_07_00_00,30,522.8,522.985,happy,3,1.3259623589896517e-05,0.00013938617386329756,1.625064019293932e-05,0.9831990701031699,0.016485914757997336,6.0641867113173965e-05,8.54768340734741e-05
00_00_00_02_07_00_00,32,541.1,553.1,happy,3,1.042469578282756e-05,0.00013740019766508605,3.3969963620246804e-06,0.33300300415341916,0.6664809301639546,0.0003467721005548327,1.807169226153875e-05
00_00_00_02_07_00_00,34,574.175,576.8,happy,3,0.0017618193856498343,0.01860655455574525,0.0008078098450314979,0.5454627153739441,0.4281356893668263,0.0035352744923168155,0.001690136980486219
00_00_00_02_07_00_00,36,617.8,624.667,happy,3,3.382878818042301e-05,0.0003446790121353184,2.0957094757960382e-05,0.9928163664006247,0.00668935979736253,6.989660325073316e-05,2.491230368828516e-05
00_00_00_02_07_00_00,38,642.8,654.351,happy,3,0.0002435142307878469,0.0042245368329025135,0.00017894244892364828,0.2791123494805353,0.7012413391071844,0.014588130848534631,0.0004111870511316958
00_00_00_02_07_00_00,40,678.8,689.8,neutral,3,0.00039965516796330544,0.03856457283832189,0.0011252285998825083,0.2798674874785729,0.6713793382847095,0.008143813552113417,0.0005199040784364117
00_00_00_02_07_00_00,42,727.8,732.8,happy,3,0.0024391873447073753,0.008833599322489833,0.0008449510673958352,0.8971468910512941,0.08841695714268286,0.0018271312019443675,0.0004912828694856675
00_00_00_02_07_00_00,44,738.8,745.888,happy,3,0.000437143856856455,0.010442802511142286,0.00041894858476409645,0.8454836908100632,0.14186913569572498,0.0010910553123167754,0.0002572232291320758
00_00_00_02_07_00_00,46,761.8,763.8,happy,3,0.0038547736043248945,0.011206699677424777,0.004113091500344347,0.39097240521692156,0.5824818306340814,0.0013219011582877706,0.006049298208615162
00_00_00_02_07_00_00,48,803.294,812.8,happy,3,4.4098345573144235e-05,5.042222954551521e-05,6.122946277405739e-06,0.9997479063849048,0.00011037361186110763,2.6182041591787002e-05,1.4894440246185283e-05
00_00_00_02_07_00_00,50,824.189,830.8,happy,3,0.0002601730045542541,0.001266274496419833,0.00030379807381123906,0.76574973605658,0.229693700741465,0.00254479289314807,0.00018152473402169593
00_00_00_02_07_00_00,52,847.656,851.8,happy,3,1.6128924346493704e-05,0.0002874426587989552,2.785507962880513e-05,0.39151812804554276,0.607775705624628,0.00025031620393995964,0.00012442346311490447
00_00_00_02_07_00_00,54,895.8,904.8,happy,3,0.00024212411583519905,0.00042861942177933686,0.00012689026568393067,0.33705839589867326,0.6614882497640671,4.3936826273667916e-05,0.0006117837076875559
00_00_00_02_07_00_00,56,915.455,932.936,happy,3,4.097867270188615e-05,0.005864198590803614,5.114708037938827e-05,0.6064100938063661,0.3870307064821165,0.0005063334307134832,9.654193691907934e-05
00_00_00_02_07_00_00,58,952.8,962.8,happy,3,0.0003916082612701723,0.0025215685418468266,0.00040300157860678,0.946546876779559,0.048469695493057276,0.0003649345975789048,0.0013023147480810146
00_00_00_04_07_00_01,1,29.475,60.742,neutral,1,0.0003651241140837606,0.009310762421520086,0.0022532392815928855,0.018399555282689436,0.8922163866699797,0.036016985865236426,0.04143794636489769
00_00_00_04_07_00_01,3,77.0,105.0,disgust,0,0.0,0.0,0.0,0.0,1.0,0.0,0.0
00_00_00_04_07_00_01,5,123.0,136.0,neutral,2,1.528920077066795e-05,0.013288462659894104,1.9827012404757758e-05,0.00018879019490149784,0.9819335351112978,0.0034729925024778586,0.001081103318253292
00_00_00_04_07_00_01,7,159.0,179.0,neutral,2,0.09609299873438353,0.13514123543944376,0.12059760489513592,0.016815194004887762,0.38130574535114653,0.043015965195352085,0.20703125637965045
00_00_00_04_07_00_01,9,196.777,212.1,disgust,2,0.0019357597496039768,0.010176668733441118,0.11185284030022805,0.00027532599091454593,0.6128495938528614,0.26242788426003905,0.0004819271129118693
00_00_00_04_07_00_01,11,227.0,239.0,neutral,1,4.220614227237633e-06,0.023654809495810333,1.3249466579489695e-06,8.635878073384808e-07,0.9759945559006421,3.094879782468644e-05,0.00031327665703030703
00_00_00_04_07_00_01,13,259.5,284.0,neutral,0,0.0,0.0,0.0,0.0,1.0,0.0,0.0
00_00_00_04_07_00_01,15,303.0,321.4,disgust,3,0.00031711804437950216,0.009421845511506939,0.0009391706884286336,0.00028181804088862607,0.9582694411216571,0.02619315403628402,0.004577452556855157
00_00_00_04_07_00_01,17,355.704,379.465,neutral,1,0.14491471913923373,0.23342083822514187,0.0032364193477826247,0.000930202035990872,0.6116157882299142,0.004724068653774542,0.0011579643681621397
00_00_00_04_07_00_01,19,401.033,415.66,neutral,1,1.6988899782175414e-05,0.0073399678955990075,5.834849076814911e-05,0.00015969286798667295,0.9888303269069249,0.003054998627571697,0.0005396763113674041
00_00_00_04_07_00_01,21,434.68,457.4,neutral,1,1.5747186025554885e-06,0.0012611208322727428,1.3421871942104008e-05,0.002617704784838152,0.9914243920847376,0.0011069318893865902,0.003574853818220206
00_00_00_04_07_00_01,23,689.439,700.231,neutral,1,5.892450792654005e-08,0.0004835995930927226,6.291937777676867e-07,1.8629695562531412e-07,0.9994910049276093,5.884684390726004e-06,1.8636379665862425e-05
00_00_00_04_07_00_01,25,514.47,532.27,neutral,3,0.008881233180757687,0.007579117100824896,0.13240691177709407,0.0006135622894888143,0.7883394672082795,0.055982471939565216,0.006197236503989785
00_00_00_04_07_00_01,27,552.963,557.371,neutral,3,1.79570287753254e-05,0.0034766831560289826,0.0005601004117340965,0.00041369634035579223,0.9829152990698706,0.01056940539877545,0.0020468585944596056
00_00_00_04_07_00_01,29,577.512,581.787,neutral,0,0.0,0.0,0.0,0.0,1.0,0.0,0.0
00_00_00_04_07_00_01,31,620.12,630.12,disgust,2,0.0003732330950606505,0.021077601452499758,0.0242473482739589,0.0007381438631418925,0.9180256304065724,0.032057804341095994,0.0034802385676704177
00_00_00_04_07_00_01,33,650.394,665.054,disgust,2,0.06280816983672856,0.0898228124934598,0.08597864078984233,0.005381787171621689,0.582572153232964,0.14852363854520273,0.02491279793018092
00_00_00_04_07_00_01,35,689.598,709.058,neutral,1,0.03530334206819199,0.21805635955208247,0.03396000242535018,0.019276659379176386,0.5796243977096338,0.007625276933998256,0.10615396193156687
00_00_00_04_07_00_01,37,751.12,765.211,neutral,2,0.03001996612668923,0.025672096698307806,0.06060640828571554,0.006984254381406763,0.734513382101845,0.13746375403667282,0.004740138369362807
00_00_00_04_07_00_01,39,789.013,806.62,neutral,2,5.6881764258498704e-05,0.008617697047755748,0.0025990250197415665,0.0005389766263604063,0.9804079628525892,0.0027971749519520354,0.004982281737342536
00_00_00_04_07_00_01,41,845.12,847.887,neutral,3,0.06043405717647371,0.07403282958785361,0.01327146390377082,0.02457179343128931,0.7914334748638606,0.03524676903025971,0.0010096120064922672
00_00_00_04_07_00_01,43,887.713,902.477,neutral,3,9.655951989624505e-05,0.014031392419940678,0.008642245387615509,0.00023511011759861644,0.9582501636287897,0.018240590777260864,0.0005039381488984481
00_00_00_04_07_00_01,45,926.073,954.12,neutral,2,0.09001497646632992,0.27513466682221044,0.06524843842571994,0.0017032276200355718,0.44085621386013174,0.12310537151748505,0.003937105288087339
00_00_00_04_07_00_01,47,979.238,992.029,neutral,0,0.0,0.0,0.0,0.0,1.0,0.0,0.0
00_00_00_04_07_00_01,49,1039.913,1059.12,neutral,2,0.025448196967369347,0.047466441915672446,0.004715624519511901,0.0004998554889857277,0.89235598148857,0.017801134957874633,0.01171276466201596
00_00_00_04_07_00_01,51,1086.45,1111.745,neutral,2,0.0056006719358721755,0.025487976996599396,0.09775058505267716,0.0008757241885455077,0.8437047583387041,0.021916706844081518,0.004663576643520155
00_00_00_04_07_00_01,53,1139.32,1155.942,neutral,2,6.6838791464417e-07,0.0005871780929641294,1.4813764165983016e-05,0.0007190076647255276,0.9969240544208595,8.328306150924528e-05,0.0016709946078609646
00_00_00_04_07_00_01,55,1204.889,1232.695,neutral,3,0.09267588491662754,0.06457273279436003,0.03199578751047191,0.0009728511677477785,0.7555810410666247,0.051574460996307296,0.002627241547860646
00_00_00_04_07_00_01,57,1259.12,1268.12,neutral,1,0.19690136361608182,0.03713767928443767,0.36555739773370366,0.001854712003590119,0.3666695905887772,0.003597100918171462,0.02828215585523809
00_00_00_04_07_00_01,59,1304.12,1310.12,neutral,3,0.06554735701728001,0.00452676969528584,0.003113537259589036,0.0032613895251310766,0.9132437448500768,0.0050365954322383905,0.005270606220398812
00_00_00_04_07_00_02,1,27.31,34.467,neutral,3,3.951823391045052e-05,0.0020953725677953197,2.7541366911502445e-05,8.521031168814295e-05,0.9963813478085785,0.000528788886018668,0.0008422208250974801
00_00_00_04_07_00_02,3,583.44,584.732,neutral,3,2.1247340386790716e-06,0.00028780187204091893,1.0235187197511794e-05,4.068215881956657e-05,0.9897691652321632,3.504897939675921e-05,0.00985494183634337
00_00_00_04_07_00_02,6,1087.76,1093.741,neutral,3,9.850162655474343e-08,0.0003111623242261562,6.439658943348978e-07,0.0002802531139310487,0.9946338867131346,0.0002454198192674761,0.004528535561919867
00_00_00_04_07_00_02,8,721.918,730.939,sad,3,0.0007596942555165558,0.010152057926285298,2.0576236162714853e-05,4.8344371881534454e-05,0.9638306917107622,0.0006399331763331849,0.02454870232305856
00_00_00_04_07_00_02,10,988.322,991.689,neutral,3,1.057515833963713e-06,0.0008916283207008223,4.943334112321652e-06,4.228498049973461e-05,0.9946994939759116,0.00031891570953347697,0.004041676163408137
00_00_00_04_07_00_02,12,818.476,821.071,sad,3,2.664132289315702e-07,8.829365689341532e-05,1.9227081246322675e-07,9.784488995492808e-05,0.9995323873950351,2.897015454559207e-05,0.0002520452195294236
00_00_00_04_07_00_02,14,846.974,859.635,sad,3,5.766375956338438e-05,0.001916404438690739,9.39068977625219e-06,0.0006149445267848284,0.949761040508322,0.0002619272681165478,0.047378628808746305
00_00_00_04_07_00_02,16,961.169,973.322,neutral,3,3.399613956179545e-06,0.0009940711992811148,7.0585302471702345e-06,0.00014841948659569338,0.9897394973035658,0.00016728342594706536,0.008940270440406899
00_00_00_04_07_00_02,18,953.593,962.192,neutral,3,5.950663372156485e-06,0.0002638349542547308,3.5185069123491486e-05,0.0008819987115172663,0.9974533109959811,5.077579765981729e-05,0.0013089438080913938
00_00_00_04_07_00_02,20,721.52,729.823,sad,3,6.836398725155183e-05,0.006907627868756757,2.4066131441388226e-06,3.251524375676516e-05,0.9891004480964936,7.781120243423861e-06,0.003880857070353815
00_00_00_04_07_00_02,22,802.117,804.61,neutral,3,4.999319722101654e-07,5.9291037570057036e-05,9.56354472020876e-07,0.00014870259874422712,0.9993122794723175,5.985286502519776e-06,0.00047228531842142434
00_00_00_04_07_00_02,24,1014.206,1019.704,neutral,3,2.0529981938856604e-05,0.00018631470749597487,7.375450063533367e-06,0.0002850872018729999,0.9960690070934134,0.00014205818450849366,0.003289627380706753
00_00_00_04_07_00_02,26,720.666,730.807,fear,3,2.3803787662793603e-05,0.0034371588153464757,3.6189502156077654e-05,6.656316966243168e-05,0.9889233809909458,0.005504809665664379,0.002008094068562025
00_00_00_04_07_00_02,28,966.76,973.697,neutral,3,1.2979336573200622e-05,0.0009996271969314908,1.8425761191032044e-06,2.7167252936388332e-05,0.9848666807708336,0.0002320392417727743,0.013859663624833408
00_00_00_04_07_00_02,30,801.627,805.71,neutral,3,2.523122575607623e-07,4.8342588518502336e-05,9.82926994497019e-07,0.00013322355869641947,0.9996027093465762,9.379032161968875e-06,0.000205110234794699
00_00_00_04_07_00_02,32,971.26,973.322,neutral,3,0.0007500353279009431,0.0034202993807467383,4.163424200434269e-05,0.001204410545612729,0.717149746309995,0.00020301738023366524,0.2772308568135066
00_00_00_04_07_00_02,34,971.26,973.322,neutral,3,0.0007500353279009431,0.0034202993807467383,4.163424200434269e-05,0.001204410545612729,0.717149746309995,0.00020301738023366524,0.2772308568135066
00_00_00_04_07_00_02,36,714.704,717.139,neutral,3,3.458158789710003e-05,0.0017513587735242967,3.2147258104314847e-05,0.0005685026568690978,0.9902292085102544,0.0003830733502537197,0.007001127863097165
00_00_00_04_07_00_02,38,959.465,966.76,neutral,3,0.0029008850067983546,0.0021485743961434916,9.847236605478508e-06,4.853969675538592e-05,0.9430662252245974,8.597747386522924e-06,0.05181733069171342
00_00_00_04_07_00_02,40,711.291,715.406,neutral,3,4.550929235013092e-06,0.0008479506900573318,4.068594663710048e-06,0.0001554942776528791,0.9977745424859099,6.587048146511348e-05,0.0011475225410159868
00_00_00_04_07_00_02,42,688.298,698.724,neutral,3,0.0001453537815867616,0.007828659354049777,4.653726046548078e-05,4.460451819116603e-05,0.9844615146982663,0.00014167583167159318,0.00733165455576901
00_00_00_04_07_00_02,44,687.26,692.22,neutral,3,0.00011391970008382093,0.008095021555518812,7.842980278554782e-06,0.0012761956046281105,0.7461401479457351,0.0001815725263817469,0.24418529968737382
00_00_00_04_07_00_02,46,717.477,719.812,neutral,3,1.3071004103028922e-05,0.0011886359520428434,1.1057398394792099e-05,0.00014139621802945152,0.9961595497656023,5.4382552328592946e-05,0.002431907109499044
00_00_00_04_07_00_02,48,774.26,785.26,neutral,2,0.008863696070388513,0.03585349018985689,0.00018705085045412655,0.011452458077546607,0.9253972046204855,0.0014545218592875676,0.016791578331980868
00_00_00_04_07_00_02,50,810.06,822.26,sad,3,3.6416380031566608e-06,0.0002323855160722944,9.82639162044306e-07,0.0011770460971173452,0.956686575038999,0.0002503718672233114,0.041648997203422716
00_00_00_04_07_00_02,52,848.117,862.26,neutral,3,1.8469278585611279e-06,0.0001494190964542832,2.6531723646964775e-06,0.00014979937682428355,0.9939417367750142,4.76802693694319e-05,0.005706864382114498
00_00_00_04_07_00_02,54,952.338,954.26,neutral,3,2.130481302396898e-07,0.000522472185790535,5.899267922012341e-08,0.00016997400873412566,0.9988544785936495,0.00028279087013079955,0.00017001230088564294
00_00_00_04_07_00_02,56,994.346,996.403,neutral,3,3.751901329265503e-07,0.0004282262657748129,5.750942162722626e-06,2.1273144183306507e-05,0.9975508759483697,0.0003211404772654394,0.0016723580321111064
00_00_00_04_07_00_02,58,971.26,974.26,sad,3,1.6330180292559784e-06,9.00202115938932e-05,5.790337954047897e-06,1.0233904874576937e-05,0.9996869107627329,1.821820450332881e-05,0.00018719356031202472
00_00_00_04_07_00_02,60,1015.76,1023.482,sad,3,1.3554582263191032e-06,0.00021422479965051844,5.024524136235283e-07,0.00035238917876174433,0.991124013507103,0.0022275246142858963,0.006079989989558859
00_00_00_04_07_00_02,62,1054.26,1061.26,neutral,3,0.006646805961409467,0.0010649855451547452,2.0228088887557556e-05,0.1291453929209715,0.8566511229199838,0.0011545823374338468,0.005316882226159259
00_00_00_04_07_00_02,64,1089.736,1094.112,neutral,3,7.182596688254808e-06,0.000220940412725385,1.7699105801645437e-05,0.006396417369631909,0.6567816178532059,0.007439276293513762,0.32913686636843326
00_00_00_05_03_00_00,1,30.16,44.58,neutral,3,0.00028211351810681663,0.057041856179114496,0.00013772324017947656,0.0018734682146788115,0.9380691100117601,0.0009455880069654435,0.0016501408291948025
00_00_00_05_03_00_00,3,54.441,68.141,neutral,3,0.00018543324004009778,0.059083357140979065,7.828678334796842e-06,0.0007655411766547251,0.9395283733041158,0.00015547856189650146,0.0002739878979789997
00_00_00_05_03_00_00,5,83.76,91.766,neutral,3,2.2560680069346297e-05,0.30618022861598815,4.611518154117588e-05,0.0005208311599691061,0.6929986711300098,0.00011302866892528657,0.00011856456349719981
00_00_00_05_03_00_00,7,117.193,123.778,neutral,3,2.2507243263796612e-05,0.04729171596397463,1.2327242910844899e-05,0.001084449502895956,0.9515432367106333,3.0688613715859675e-05,1.5074722605606087e-05
00_00_00_05_03_00_00,9,142.307,151.7,neutral,3,0.001890998584073093,0.25060184548611736,5.6251954512642565e-05,0.0008023421470113608,0.7211609374535358,0.002279842207262795,0.02320778216748706
00_00_00_05_03_00_00,11,172.167,184.705,neutral,3,5.929294815815613e-05,0.0762238042715582,7.280583361974019e-06,0.00036218515344266006,0.9228821489626808,7.461091750877702e-05,0.0003906771632892709
00_00_00_05_03_00_00,13,224.568,232.027,neutral,3,0.0001167191338712308,0.02703737957898677,8.805007841993356e-05,0.0002283200592410678,0.9675988739486863,0.004782915869942931,0.00014774133085185422
00_00_00_05_03_00_00,15,254.748,271.035,neutral,3,2.798633590968372e-05,0.0035512863158197825,2.714932550760729e-05,0.0042066179982197275,0.9912894089449537,0.0005385334399934396,0.0003590176395961908
00_00_00_05_03_00_00,17,288.39,302.746,neutral,3,8.466009246006424e-05,0.13025551098971588,6.217835650396464e-05,0.0003746757855220853,0.8688030615559745,0.00032733419506479367,9.257902475867034e-05
00_00_00_05_03_00_00,19,335.3,338.54,neutral,3,4.274218992126321e-05,0.2070245848675022,1.7424723464943804e-05,0.0013552648446159244,0.7914172833315568,0.00010269446195084436,4.000558098796868e-05
00_00_00_05_03_00_00,21,350.816,356.54,neutral,3,0.00022358139566478825,0.2561726651712544,3.084630675167207e-05,0.000979272453455107,0.7400938268070462,0.0010595389907347573,0.001440268875093097
00_00_00_05_03_00_00,23,381.98,394.52,neutral,3,0.005550710135426129,0.12521700647003564,8.384571266452975e-05,0.001075962620648028,0.5833153352375908,0.004777582032857738,0.27997955779077716
00_00_00_05_03_00_00,25,434.3,444.68,neutral,3,6.389687354488045e-05,0.0032905987632606127,4.0288049138608856e-05,0.0004907435255651977,0.9954718461100278,0.00015171466824436507,0.0004909120102184706
00_00_00_05_03_00_00,27,467.908,477.74,neutral,3,7.081113405998433e-05,0.028571786970231043,6.655232837605582e-05,0.0007052227284094427,0.9200411312141357,0.0003984445909337457,0.050146051033854104
00_00_00_05_03_00_00,29,509.484,523.582,neutral,3,0.00263438379973105,0.15289551272412613,0.0003568156919699791,0.004472371297770946,0.4443390393396317,0.004565406345820897,0.39073647080094925
00_00_00_05_03_00_00,31,568.04,571.58,neutral,3,1.3098611952842037e-05,0.007498933753833087,8.265327553385404e-06,0.00015009831554278256,0.9917765336428632,0.00011693696394091729,0.0004361333843137948
00_00_00_05_03_00_00,33,582.56,589.22,happy,3,0.00021525868728732063,0.10271999345395118,0.0001565107754192887,0.06698641907628741,0.8286162696589845,0.00031874880246655283,0.0009867995456038139
00_00_00_05_03_00_00,35,610.732,621.423,neutral,3,0.00032956898422651054,0.028382988580501575,6.336364027976139e-05,0.0009516777617332548,0.9478293591989944,0.005013577540840985,0.017429464293423545
00_00_00_05_03_00_00,37,661.682,670.712,neutral,3,0.00012567911668122776,0.008947199910631917,0.0001376762282970229,0.6156539855047645,0.3748863394505871,0.0002004642885469494,4.865550049145017e-05
00_00_00_05_03_00_00,39,700.105,709.962,neutral,3,2.218847528645826e-05,0.00476833375983269,4.1902912716442005e-06,0.0008621614266628433,0.9942483012529594,4.407490590740634e-05,5.0749888079500074e-05
00_00_00_05_03_00_00,41,759.427,769.42,neutral,3,0.003871690105993149,0.09103863945966227,0.0001216780106702853,0.001351855573202694,0.7072383836708851,0.0027018107777809727,0.1936759424018056
00_00_00_05_03_00_00,43,826.48,834.94,neutral,3,0.0240522580048006,0.05333366523190985,0.0001681433177929614,0.016823005721156026,0.7210317352878538,0.009737761545200042,0.17485343089128672
00_00_00_05_03_00_00,45,844.04,867.76,neutral,3,0.013318393886269554,0.07363334494967116,0.0007543012351355376,0.013855007165914325,0.8581447595239475,0.024609009137785607,0.015685184101276388
00_00_00_05_03_00_00,47,891.587,904.0,neutral,3,8.121711529889377e-05,0.005204786875475839,4.146401838385487e-05,0.3335906146336741,0.6545604679915733,0.00407960486270292,0.002441844502891204
00_00_00_05_03_00_00,49,963.3,981.878,neutral,3,0.0024207753729134315,0.2660745338325112,0.00034666382588911457,0.0015395466638602434,0.35808476310967186,0.005485770766748561,0.3660479464284057
00_00_00_05_03_00_00,51,1018.824,1036.026,neutral,3,0.00028610008175206905,0.043013166842197706,6.858412093560678e-05,0.0012061338713290543,0.9470578404808669,0.0033585861771811055,0.005009588425737521
00_00_00_05_03_00_00,53,1065.56,1088.831,neutral,3,2.6210898403832398e-05,0.07040575301546761,4.989634897283762e-05,0.00016907967110987054,0.9266599171117832,0.0022609394564910338,0.00042820349777157276
00_00_00_05_03_00_00,55,1136.66,1144.473,neutral,3,5.82659139001188e-05,0.3314474187565036,2.9731758669977746e-05,0.0017621667090286486,0.6664704311936086,0.00020115070384040475,3.083496444868433e-05
00_00_00_05_03_00_00,57,934.533,935.437,neutral,3,2.828414723719743e-05,0.006045733365571786,0.00013090821734333395,3.383502928268078e-05,0.9925952785102123,0.0011592457438946231,6.714986458035313e-06
00_00_00_05_03_00_00,59,1202.96,1216.77,neutral,3,0.00027758136376967844,0.0235486469447743,6.912517122518406e-05,0.00023044795327611058,0.6912414949448572,0.22405117462864918,0.06058152899344839
00_00_00_05_03_01_00,0,49.694,58.588,neutral,3,0.0004880004621789777,0.0002507021689963917,0.000108443227238159,0.0006344284031180563,0.9976540303001391,0.0008301103820582153,3.4285056271138005e-05
00_00_00_05_03_01_00,2,92.18,120.611,neutral,3,0.00018412237091844691,0.0339091632896126,0.004916436967388922,0.013632751594294175,0.9376903452380095,0.00781658212756797,0.0018505984122082564
00_00_00_05_03_01_00,4,145.18,160.95,neutral,3,9.222013286453426e-05,0.0011806957838756678,0.00019786771518585187,0.000331703416168108,0.993060434365904,0.0050870620895945165,5.0016496407463485e-05
00_00_00_05_03_01_00,6,217.609,246.983,neutral,3,0.00011920063880624496,0.0005824835735749437,0.00025861292365726815,0.00014807502052260944,0.9968154359843965,0.0019829858846633756,9.320597437914928e-05
00_00_00_05_03_01_00,8,286.576,309.396,neutral,3,9.942269063399234e-05,0.013005504917590012,0.0008871093660712387,0.0005955531267653958,0.974936145302894,0.010228178421099675,0.000248086174945737
00_00_00_05_03_01_00,10,343.373,375.371,neutral,3,0.00012179905148886449,0.011821542199774233,0.0005580679698684323,0.001253305358855835,0.9804577369737645,0.005524369292858046,0.00026317915339021594
00_00_00_05_03_01_00,12,417.72,441.022,neutral,3,0.0006073362090186057,0.23052837380727084,0.0026966471537470445,0.005695143541433808,0.7318836030416225,0.003551946034658968,0.025036950212248346
00_00_00_05_03_01_00,14,465.655,494.053,neutral,3,8.110852852287587e-05,0.0006633330907083523,0.0002675266205267635,0.0007548048560941641,0.9956968923944278,0.0024823097670924536,5.402474262758279e-05
00_00_00_05_03_01_00,16,514.659,536.13,neutral,3,0.00012954337378933702,0.0012750510698080761,0.0004627541480236247,0.0018309556619932334,0.9919495043767236,0.004290219016414106,6.197235324806842e-05
00_00_00_05_03_01_00,18,593.424,619.942,neutral,3,4.3154409708796736e-05,0.013200343955442548,0.0001071367258459198,0.0004014129608800588,0.9794519529466129,0.006745456514115995,5.0542487393798205e-05
00_00_00_05_03_01_00,20,651.531,682.532,neutral,3,5.882186488532653e-05,0.008688579345997026,0.00013553263175535978,0.0017351855705284882,0.9874899821706876,0.00185204603102928,3.9852385117021326e-05
00_00_00_05_03_01_00,22,713.532,739.688,happy,3,0.0006037461449139553,0.025076535022487613,0.001616286747612341,0.0017352292170484404,0.9612254807721559,0.00902621127653533,0.0007165108192463767
00_00_00_05_03_01_00,24,795.357,829.717,happy,3,5.969553402792242e-05,0.001586416705521362,0.0006116791287457039,0.00822891894324429,0.9887052937149571,0.0006940049436009417,0.00011399102990273567
00_00_00_05_03_01_00,26,854.944,901.554,neutral,3,2.002615375803096e-05,0.0015922719217312585,6.201570732775227e-05,0.00032042292999156976,0.9969486699711314,0.0010464615837794812,1.0131732280454602e-05
00_00_00_05_03_01_00,28,934.021,964.347,happy,3,4.5763420493280687e-05,0.001399532417031248,4.201196201254681e-05,0.002014082005967021,0.996194494380025,0.0002852978087501826,1.8818005720828174e-05
00_00_00_05_03_01_00,30,1019.76,1027.439,happy,3,0.00024051840781756146,0.023890461115875398,0.0009073521944171864,0.010329224457681826,0.9500524593776823,0.014511134081628223,6.885036489746484e-05
00_00_00_05_03_01_00,32,1052.597,1081.62,happy,3,0.00045630924212038777,0.0342590199343908,0.0006899750710567918,0.2563460371646364,0.7072890973436288,0.0007292761839790786,0.00023028506018781116
00_00_00_05_03_01_00,34,1121.82,1148.21,neutral,3,0.00033091907619827956,0.00112193586222977,0.00020834651229422707,0.001117133487793923,0.9959209706879917,0.0012846059267920852,1.6088446699873152e-05
00_00_00_05_03_01_00,36,1182.7,1203.12,happy,3,0.0031535585203677093,0.08299941641490806,0.0018628946236476309,0.3390735116307393,0.5701946358125605,0.002495422378417473,0.0002205606193594653
00_00_00_05_03_01_00,38,1227.922,1258.84,happy,3,0.0005248454076484405,0.05050276361604737,0.00048143937309234907,0.008321862306803075,0.9380093954640867,0.0020955701202207268,6.412371210143253e-05
00_00_00_05_03_01_00,40,1289.25,1325.005,happy,3,0.0004204233363612864,0.0015337093774174333,0.0002442992597884353,0.13707748387441035,0.8597051853406211,0.0009862508092636144,3.2648002137704005e-05
00_00_00_05_03_01_00,42,1376.788,1399.12,happy,3,0.00011081844970856953,0.0006332429686153108,0.00018717277302288964,0.002494726389134883,0.9954488551939079,0.0010946177170403427,3.0566508570194135e-05
00_00_00_05_03_01_00,44,1426.94,1441.734,happy,3,0.0007375940191823756,0.10552917394477963,0.0009411132214576195,0.1351624468185963,0.7535177762040441,0.00044109645212956895,0.0036707993398103996
00_00_00_05_03_01_00,46,1475.193,1509.98,happy,3,8.32562633305427e-05,0.00242892741542073,0.00021601952606606806,0.012812517623089176,0.9622850845286078,0.022144904341513127,2.929030197250176e-05
00_00_00_05_03_01_00,48,1573.643,1614.505,happy,3,4.6851177169415236e-05,0.002484005764786387,0.00016041397760382605,0.3147225824454577,0.6820773291926892,0.0004933103280078592,1.5507114285440655e-05
00_00_00_05_03_01_00,50,1631.129,1650.197,neutral,3,8.103799390890845e-05,0.00022169568471690503,2.7667915505758315e-05,0.000573086875463561,0.9988929322283479,0.00018445978072649944,1.9119521330578768e-05
00_00_00_05_03_01_00,52,1684.513,1702.789,happy,3,0.00030933323113200813,0.003767038950234408,0.00021109948088905838,0.012292883344561337,0.9830168250504568,0.00026303712118983566,0.00013978282153653067
00_00_00_05_07_00_00,0,33.442,39.26,disgust,3,7.0699883665766215e-06,0.020270353040162774,1.498625466207824e-05,0.8734977890112615,0.09987676792235685,0.0001536776032020379,0.006179356179988067
00_00_00_05_07_00_00,2,54.7,64.64,disgust,3,0.00012076166803351577,0.4346098072517321,0.0001591667017919512,0.3701630966168762,0.08193733498373398,8.095473308347612e-05,0.11292887804474894
00_00_00_05_07_00_00,4,82.72,90.64,disgust,3,0.0007069471846856887,0.33025966622955893,2.0299821523314508e-05,0.6665219002818339,0.0006636313901173809,1.937077721385353e-06,0.0018256180145595031
00_00_00_05_07_00_00,6,113.428,125.698,neutral,3,0.006041906020424913,0.0034606602829247556,8.988314080415982e-05,0.7393193434030789,0.17782151477620087,0.02573892295471653,0.04752776942184984
00_00_00_05_07_00_00,8,136.511,143.17,disgust,3,1.600925029935498e-05,0.25432823300591934,3.638016694683518e-05,0.7054271564133714,0.03377174748760206,5.772739669501256e-05,0.006362746279166024
00_00_00_05_07_00_00,10,155.64,163.64,happy,3,0.00024973919588552277,0.6759778330896058,0.00015745164631741245,0.1842579235959957,0.13171161294652253,7.166765593116262e-05,0.007573771869741864
00_00_00_05_07_00_00,12,192.965,204.051,happy,3,0.0001873904433718872,0.09513009584199174,6.426178612777983e-05,0.8695104602407104,0.015717652071391912,5.78095799428286e-05,0.019332330036463327
00_00_00_05_07_00_00,14,223.58,237.301,happy,3,4.163341111551296e-05,0.004835937488769658,1.6482962770031266e-05,0.9380078709821931,0.05375773856393018,1.9071788004262961e-06,0.003338429412421163
00_00_00_05_07_00_00,16,256.58,261.58,happy,3,0.0016208468838608216,0.44859590263525934,0.0006410706619070942,0.25633721369860835,0.10444678876216346,3.262514313251645e-05,0.18832555221506844
00_00_00_05_07_00_00,18,298.46,314.46,happy,3,0.00011048956371301825,0.21820767939789526,4.516529704114863e-05,0.7767673419656157,0.004209318011131831,4.346269532510773e-05,0.0006165430692779358
00_00_00_05_07_00_00,20,332.829,352.13,disgust,3,0.000825395126079484,0.5463177460939186,0.0005070914298081997,0.4152244279838594,0.02692233395625926,0.00018712097895541053,0.010015884431119585
00_00_00_05_07_00_00,22,372.34,386.28,happy,3,0.0011784482580208591,0.27037348577393977,0.0009248894961251299,0.666798979059306,0.01282904388308729,7.074863719286479e-05,0.04782440489232807
00_00_00_05_07_00_00,24,423.28,430.28,happy,3,4.389858140900457e-06,2.5470666184640118e-05,3.426771266501895e-06,0.9999147067176605,3.091803817579841e-05,2.3252675244582613e-06,1.876268104731515e-05
00_00_00_05_07_00_00,26,450.28,471.789,disgust,3,0.00013711573617681142,0.016151716420088974,3.774623219079316e-05,0.8598002844061602,0.12141288610433974,2.8002785682347883e-05,0.002432248315361144
00_00_00_05_07_00_00,28,489.22,517.862,disgust,3,2.9768296508812757e-06,7.117613411345953e-05,1.697324439234586e-06,0.9859172144732633,0.013644953641764926,1.236441464180678e-06,0.0003607451553039675
00_00_00_05_07_00_00,32,580.59,596.388,neutral,3,0.0021785343433402275,0.02682503833315103,0.0009310405058417713,0.3320641325915603,0.45654706131600126,0.001607428509102826,0.17984676440100264
00_00_00_05_07_00_00,34,614.76,625.741,disgust,3,0.00031178869432520726,0.00010439678119094628,2.944861305860488e-05,0.9952756570095695,0.0036732062663991927,2.2020690250361835e-05,0.0005834819452060632
00_00_00_05_07_00_00,36,664.319,687.153,disgust,3,8.146147294965397e-05,0.0005978138489011703,2.2026281341415465e-05,0.8805293466909997,0.006387618931163733,4.8649794953661514e-05,0.11233308297969058
00_00_00_05_07_00_00,38,705.438,713.22,happy,3,0.0001285293279998656,0.24943953788678347,0.00015186698541636842,0.458104685805827,0.27288781286048147,6.956894830679897e-05,0.019217998185184902
00_00_00_05_07_00_00,40,734.92,739.92,disgust,3,0.0005607213164709411,0.557321638292401,0.0008005058142132077,0.006298379791723651,0.42701543618487164,0.0004885476995723066,0.0075147709007473895
00_00_00_05_07_00_00,42,782.94,799.74,disgust,3,0.00010601785189666485,0.15354178514113684,5.2997579547448566e-05,0.8073395796580769,0.03269396405198202,9.741594792015918e-06,0.00625591412256814
00_00_00_05_07_00_00,44,812.569,837.98,disgust,3,0.0008713119340683289,0.08341013882705185,0.0004305738609383302,0.40505322892074874,0.2193720117297335,0.0006509537168524553,0.29021178101060685
00_00_00_05_07_00_00,46,864.05,892.243,disgust,3,0.005473234854671682,0.12237382364571124,0.001708827243729314,0.21270737385203903,0.5629894007100813,0.0008109578827919163,0.09393638181097574
00_00_00_05_07_00_00,48,941.452,965.116,happy,3,0.0028373136282317155,0.49611856509762,0.0017135955327721353,0.006800089496040318,0.41059874272906016,0.0001844248091911461,0.08174726870708471
00_00_00_05_07_00_00,50,994.42,1014.09,disgust,3,0.000997342609500379,0.5430300845410897,0.0008498784626818114,0.037690598543539074,0.4091155712790272,0.000637292793670255,0.0076792317704915585
00_00_00_05_07_00_00,52,1045.791,1068.42,disgust,3,7.07503395076018e-05,0.33290249467906685,2.2705658076058357e-06,0.6663459580392673,0.0006239824261212361,2.926677402740623e-05,2.5277176201828758e-05
00_00_00_05_07_00_00,54,1109.157,1126.807,happy,3,0.0003936160042261879,0.1640247481271601,0.0010229811621054684,0.43285654548087343,0.12476709225766547,0.0010245270181619022,0.2759104899498075
00_00_00_05_07_00_00,56,1153.309,1161.62,disgust,3,2.1848581753099133e-06,0.16959727345060555,1.614235087786877e-06,0.7681474091515393,0.06163867126825851,7.596541624433023e-06,0.0006052504947090001
00_00_00_05_07_00_00,58,1179.562,1187.097,disgust,3,0.0010309783413473576,0.7693969585914343,0.00030347560020392935,0.014364015916413845,0.2093899452703694,0.0003207373879110927,0.005193888892320088
00_00_00_05_07_00_01,0,36.758,39.12,neutral,3,1.4073330016220043e-06,2.1819290870789972e-06,8.299187321827212e-07,1.8704878542381494e-06,0.9999866872777949,3.9542795300854805e-06,3.0687739998203514e-06
00_00_00_05_07_00_01,2,47.64,55.13,neutral,3,9.654055575330632e-06,6.371777495265375e-05,3.879810137781798e-06,0.00011192234125577382,0.999601817261331,3.0122106058371907e-05,0.00017888665068902434
00_00_00_05_07_00_01,4,67.76,86.26,neutral,3,0.0005402643890453153,2.5802838185387096e-05,1.797373014007378e-05,7.40527276838107e-05,0.9899284732995087,5.5579387627762236e-05,0.009357853627808907
00_00_00_05_07_00_01,6,105.64,114.12,neutral,3,0.0013860956670993746,7.60951468152207e-05,8.232996023780904e-05,9.520216410641646e-05,0.8253781174562415,0.00012943792825461926,0.1728527216772449
00_00_00_05_07_00_01,8,126.073,134.569,neutral,3,5.518341373068069e-06,5.015412635542637e-06,8.907587404471502e-07,0.0008307679434692187,0.9991363183484473,1.5787297493611373e-05,5.701897840843795e-06
00_00_00_05_07_00_01,10,144.26,157.27,neutral,3,1.1771142436991493e-06,4.084865427392743e-06,9.413039104606685e-07,1.1235744682397171e-05,0.9998854298102073,4.659091283685702e-05,5.054024869179374e-05
00_00_00_05_07_00_01,12,175.26,187.26,neutral,3,2.8597407083528563e-06,2.0390081404457678e-05,2.637066852638679e-06,6.7826826906676246e-06,0.99990222348196,6.124668091410506e-05,3.860265469761593e-06
00_00_00_05_07_00_01,14,197.442,208.635,neutral,3,4.697949355525562e-08,2.5871259458595045e-07,2.859446499001283e-07,1.1304015354684814e-06,0.9999855753391713,9.499274895628877e-06,3.2033476595181627e-06
00_00_00_05_07_00_01,16,234.823,242.26,neutral,3,2.679892395697907e-07,1.3061718532529585e-06,9.093180227711844e-07,1.666593531894003e-06,0.999992029071991,3.277366216719669e-06,5.43489144829029e-07
00_00_00_05_07_00_01,18,294.26,301.26,neutral,3,0.00036276496277851843,0.001262786678616491,1.8607783560654616e-05,0.0001709211733464088,0.9916457370169642,7.048364269612774e-05,0.006468698742037575
00_00_00_05_07_00_01,20,318.26,329.442,neutral,3,0.00014365359011791768,0.0002600006603172377,5.159680569768489e-06,0.0002489937316991043,0.9989744701403251,8.702917389139768e-05,0.0002806930230794829
00_00_00_05_07_00_01,22,346.26,351.26,sad,3,0.00015100622208804066,0.00037108506976165956,0.0001243832416389005,0.00017018787032462395,0.9951220094658119,0.0010210660463064875,0.0030402620840685873
00_00_00_05_07_00_01,24,382.51,395.393,neutral,3,0.00021023760002224684,7.259537738059579e-05,4.576825393853012e-05,0.004655277646835728,0.9777521391447965,0.000140093306818863,0.01712388867020751
00_00_00_05_07_00_01,26,412.26,429.26,neutral,3,0.002641607057860303,0.003070455042683827,0.00016521919352231452,0.002300919108784419,0.978227180708158,0.0006437233360190848,0.01295089555297207
00_00_00_05_07_00_01,28,451.26,464.145,neutral,3,2.049954895739737e-06,1.944828054608304e-05,1.392041929244239e-06,0.3300222093387476,0.6699000340121266,1.6457836824931624e-05,3.840853492986942e-05
00_00_00_05_07_00_01,30,492.26,499.26,neutral,3,1.2075748076555638e-06,1.4546502378975584e-05,2.04543399342641e-06,1.8536369160149305e-05,0.9999181832632857,3.790608754921445e-05,7.574768824816188e-06
00_00_00_05_07_00_01,32,514.26,527.143,happy,3,8.707020553673598e-07,5.0430751322126824e-05,1.2658378838073737e-06,4.17801478691721e-06,0.9997603742084556,0.00013060832162200184,5.227216387414643e-05
00_00_00_05_07_00_01,34,544.26,548.26,neutral,3,0.00022603668057489,0.00022393279336631132,3.1601704517405865e-05,0.01894776447059917,0.8578980090277384,0.0002057270905397975,0.12246692823266417
00_00_00_05_07_00_01,36,578.927,590.838,neutral,3,0.0031529307198388673,0.001152377174657565,0.0010935057364588065,0.005794456725718207,0.8481650781788538,0.0023486283245962793,0.13829302313987657
00_00_00_05_07_00_01,38,612.974,620.26,neutral,3,2.0508834536207736e-06,1.3582645829653082e-05,7.692794192719566e-07,1.2558216394030591e-05,0.9999404555853884,2.5214439927448826e-05,5.368949587644914e-06
00_00_00_05_07_00_01,40,631.26,641.26,neutral,3,0.000386579751135932,0.0001674593936921488,8.989427426466782e-05,0.000944084302821715,0.9964957820971839,0.0010042666962699397,0.0009119334846316356
00_00_00_05_07_00_01,42,662.26,678.26,happy,3,1.6790040152708413e-06,0.00020114610977837094,9.725743158585047e-06,0.004862162139739267,0.9945340044057808,0.00031969318574383575,7.158941178396898e-05
00_00_00_05_07_00_01,44,696.26,700.553,neutral,3,4.184420886561307e-06,2.554756281186076e-05,4.628536488195076e-06,5.094520284412546e-06,0.9998540254945447,9.1571799560493e-05,1.4947665423843413e-05
00_00_00_05_07_00_01,46,710.414,729.26,neutral,3,0.0008209757128202607,0.0031555987899625545,0.00019048673125600352,1.9151411079846646e-05,0.9308120940423651,0.06475272391285812,0.00024896939965811523
00_00_00_05_07_00_01,48,761.26,775.044,neutral,3,1.2731760759898874e-05,7.64221509795341e-05,2.060015956421665e-05,0.0001428183666759265,0.9889771373692082,0.00012047354395255104,0.010649816648859702
00_00_00_05_07_00_01,50,791.26,793.206,neutral,3,8.55123196763352e-08,4.8330815667766057e-05,8.36518052009637e-08,1.1009629629467518e-06,0.99994106670112,3.649012206574518e-06,5.683343917774379e-06
00_00_00_05_07_00_01,52,830.5,842.553,neutral,3,1.8029478173611474e-06,1.8850749098836883e-05,2.571732961807544e-07,7.590215732933523e-05,0.9998513660160755,1.3151484905929998e-05,3.8669471476796086e-05
00_00_00_05_07_00_01,54,613.26,620.26,neutral,3,2.0999039479963763e-06,7.904537809038778e-06,4.7534498036215596e-07,9.08017217579657e-06,0.9999545807164777,1.469010508059002e-05,1.1169219528607779e-05
00_00_00_05_07_00_01,56,894.58,904.121,neutral,3,5.195819703253471e-06,1.714419353016868e-05,1.4738879804601015e-06,0.00041225649381016366,0.9994291558153835,9.524339829989111e-05,3.953039129249161e-05
00_00_00_05_07_00_01,58,922.797,932.676,neutral,3,7.066857297319437e-05,2.7851776702906372e-05,5.554054498242005e-06,0.004707721069513565,0.9915452260418367,3.3012491892782205e-05,0.003609965992582675
00_00_00_05_07_00_02,1,35.58,48.32,neutral,3,0.007273301702033665,0.0001606451509460469,3.204530325218203e-05,6.214484252627797e-05,0.986840104879548,0.005247832664343879,0.00038392545734987815
00_00_00_05_07_00_02,3,63.099,85.12,neutral,3,0.008147292096341501,0.002995585939407884,8.12947677627563e-06,0.0007423404035138459,0.9722044516413776,0.014907726157949943,0.000994474284633004
00_00_00_05_07_00_02,5,108.377,147.287,neutral,3,0.00013254246720710133,2.8928811227014578e-05,4.518125105497484e-06,6.449494109891247e-06,0.9987103439179916,0.0009554107396027821,0.00016180644475605522
00_00_00_05_07_00_02,7,189.1,217.1,neutral,3,1.565952562974976e-05,1.444407109093954e-05,8.947574269102668e-07,2.9460703346476397e-05,0.998239801631749,1.6687309577385406e-05,0.0016830520011796829
00_00_00_05_07_00_02,9,257.261,266.222,neutral,3,0.0031430943894578986,0.0004908765650771318,2.3432054663365948e-05,0.0008781100134329438,0.9925367241134154,0.0028486883574352496,7.907450651792126e-05
00_00_00_05_07_00_02,11,302.037,311.16,neutral,3,0.00017718749241316806,2.8116846118854895e-05,4.153882357718081e-06,2.082366887021701e-05,0.9995951135397508,9.948436872665436e-05,7.512020176250254e-05
00_00_00_05_07_00_02,13,353.215,403.16,neutral,3,0.001698972559002298,0.038363165593624175,6.20410982811619e-06,0.0006378133979991619,0.9564163766940551,0.0017309208034328892,0.0011465468420582114
00_00_00_05_07_00_02,15,403.16,407.76,neutral,3,0.03260573597129848,0.06171701151463346,2.268418209328001e-05,0.01252556477033055,0.8809868641490363,0.011941086037862633,0.00020105337474538392
00_00_00_05_07_00_02,17,410.116,425.808,neutral,3,0.05043195108430018,0.11579349947617189,0.0003014376910305814,0.00027998814747631084,0.8282017467613643,0.0038930115405217862,0.0010983652991347714
00_00_00_05_07_00_02,19,482.2,502.285,neutral,3,0.036807712282666875,0.001998166755311758,1.5216284028662651e-05,0.00016502271016122493,0.9575467834186969,0.0015532771705546317,0.0019138213785799842
00_00_00_05_07_00_02,21,545.596,678.81,neutral,3,0.006940283461457297,0.0005788287896674062,1.0866140851127257e-05,8.582347167013637e-05,0.9727236222003217,0.01819065014198493,0.00146992579404745
00_00_00_05_07_00_02,23,718.269,798.72,disgust,3,0.0016352796173725668,5.756988196708285e-05,9.121143235027557e-06,3.3205118095926035e-05,0.9978003402913035,7.639115529486721e-05,0.0003880927927310359
00_00_00_05_07_00_02,24,803.866,807.045,sad,3,0.0020874913195682732,0.001048938840643342,2.4583214035118556e-05,4.430204197969688e-05,0.9961191543440245,0.0002773486666300734,0.00039818157311902826
00_00_00_05_07_00_02,27,811.003,877.998,neutral,3,0.00014026383477972764,0.0001998855017342731,3.4761436953064554e-07,5.531045053211839e-06,0.9996146436175362,2.584384406956371e-05,1.348454245761629e-05
00_00_00_05_07_00_02,28,878.06,881.211,neutral,3,0.017726023007625845,0.005861314358478773,0.0001139849255895334,0.0032010248403299864,0.9557333915568057,0.0057262690936945755,0.01163799221747569
00_00_00_05_07_00_02,31,881.1,916.062,surprise,3,0.0048034838767281735,0.000716088475533741,0.00024094759050507158,0.043411431241341204,0.8864865601312862,0.016110982200711832,0.04823050648389367
00_00_00_05_07_00_02,32,928.685,930.404,neutral,3,0.05778971512832324,0.047495191630009106,0.0001387101449399574,0.0024606557271416416,0.882501729787081,0.007169109126589309,0.002444888455915741
00_00_00_05_07_00_02,35,934.184,968.926,disgust,3,0.00017155250239813633,3.719458696860536e-05,1.580123122636224e-05,1.6696812013125072e-05,0.993722268421152,0.00017759110604342746,0.005858895340198243
00_00_00_05_07_00_02,36,969.015,970.357,neutral,3,0.00020037907961244482,2.731199553295394e-05,2.85247453268589e-06,1.646547502764244e-05,0.9976706306000876,2.7159248739964243e-05,0.0020552011264667936
00_00_00_05_07_00_02,39,974.14,1002.764,neutral,3,0.10043796994030448,0.006055102381323329,1.2037519127485944e-05,0.0016277066493183747,0.8889299792196133,0.0022313117166252792,0.0007058925736878829
00_00_00_05_07_00_02,41,962.34,980.9,neutral,3,0.010179375177959154,0.0022315330618789602,6.073376405071101e-06,0.0023689708540166428,0.9804187154069374,0.0040325085958367105,0.0007628235269662269
00_00_00_05_07_00_02,43,1119.025,1121.1,neutral,3,0.029410723065140438,0.0008048770648723582,9.172800938238076e-05,9.27619655428367e-06,0.9555203215202498,0.007120020882172696,0.007043053261628176
00_00_00_05_07_00_02,45,1170.82,1253.498,neutral,3,0.00011013083338111266,0.0012965526056286148,5.05314115428787e-06,6.157151562154944e-05,0.9978187082485308,8.179417638840423e-05,0.0006261894792952761
00_00_00_05_07_00_02,47,1377.163,1385.402,neutral,3,3.106208156990111e-05,9.302872811332243e-05,2.405914955915466e-06,0.00014196237666928122,0.9992234274831483,0.00013295558369694882,0.00037515783184647754
00_00_00_05_07_00_02,49,1430.779,1441.495,happy,3,8.498151803618241e-05,8.821354808544404e-06,2.374028204786052e-07,1.1887880505110977e-05,0.9998120571392268,5.605641321776835e-06,7.640906328103226e-05
00_00_00_05_07_00_02,51,1524.561,1592.344,neutral,3,0.0005762732451465404,0.00022710421124296867,2.9162675180823485e-05,8.04005137827536e-05,0.9943435759093591,0.001980975473817001,0.0027625079714708595
00_00_00_05_07_00_02,53,1698.536,1729.9,neutral,3,1.5652586393482442e-05,2.28217313022807e-06,1.3999875177850283e-06,6.563767370645062e-06,0.999523197413349,3.124607018357027e-05,0.0004196580020552797
00_00_00_05_07_00_02,55,1884.223,1903.125,neutral,3,0.0004975571266782933,6.047270976532627e-05,8.194558548531014e-07,9.114387569809025e-05,0.9992867487812593,2.1538210543385714e-05,4.171984020067621e-05
00_00_00_05_07_00_02,57,2007.77,2109.04,neutral,3,0.0002601221640625606,0.0001274490938528564,6.512724578860036e-07,7.324663887131452e-06,0.999397828352548,5.5331660275473134e-05,0.0001512927929161799
00_00_00_05_07_00_02,59,2214.509,2222.36,neutral,3,0.027617570048854054,0.006302515740886907,5.851732239096207e-05,0.00011416929167771864,0.6949100284549681,2.4535066220064444e-05,0.2709726640750021
00_00_00_05_07_00_02,61,2259.86,2261.646,neutral,3,0.003879299586189866,5.138943406470183e-05,5.524258773611178e-06,1.2076060889653438e-05,0.9927269408086092,0.0029451137538858267,0.0003796560975870877
00_00_00_05_08_00_00,1,28.2773,38.7772,neutral,3,0.00035500431643208764,0.2737310056232383,0.0015378036125590225,0.05392799744727078,0.6605810721000721,0.002719854574008847,0.007147262326418778
00_00_00_05_08_00_00,3,54.0762,70.4788,neutral,3,0.00011239006268048099,0.0868285757774565,0.0005920258881423562,0.22961650148307428,0.6712475614186652,0.003258491291914347,0.008344454078066782
00_00_00_05_08_00_00,5,87.1784,116.7817,disgust,3,3.8535493598059164e-05,0.4651534801284166,0.00017528519900579577,0.0038592513652863578,0.5300973884701474,0.0006476921256077484,2.8367217937941356e-05
00_00_00_05_08_00_00,7,138.2789,142.0794,neutral,3,2.712202457996597e-05,0.14163247481521005,0.0002444091944221982,0.0007105001702018424,0.8559898964972569,0.0010936931376211688,0.00030190416070801626
00_00_00_05_08_00_00,9,152.7799,163.3833,neutral,3,0.000999618201753695,0.5979849087428601,0.0022484628686324885,0.0071668113013346035,0.36914558130542463,0.00555623879892814,0.016898378781066477
00_00_00_05_08_00_00,11,177.9813,196.4766,neutral,3,0.00015185656964049208,0.18993377032269274,0.001540952526651226,0.000629128664358637,0.8017235216390339,0.0019957238520575556,0.004025046425565394
00_00_00_05_08_00_00,13,218.7753,244.676,neutral,3,0.00019451078949926865,0.6319455507835273,0.0014859285349457109,0.005781700527318073,0.3441464387499938,0.008896156199586508,0.007549714415129435
00_00_00_05_08_00_00,15,265.185,276.681,neutral,3,0.00013969736353522077,0.5680855469982099,0.0007523393901197285,0.0003375198693651276,0.4295818322208411,0.0004041634388948978,0.0006989007190340206
00_00_00_05_08_00_00,17,292.2815,294.4848,neutral,3,3.2970187667730915e-05,0.07767345670956019,0.00013738539351385322,0.001101850730701331,0.9169089907554089,0.0008087424931793362,0.003336603729968751
00_00_00_05_08_00_00,19,311.9768,317.0781,neutral,3,0.00015134595619877516,0.02029024977346928,0.000481854354081791,0.014889565006121853,0.9634754844001153,0.0004753285068793364,0.00023617200313362478
00_00_00_05_08_00_00,21,329.0847,347.1813,neutral,3,0.00015349210094333559,0.2833969748689188,0.00018883827542728434,0.19882856931312143,0.5167349682860163,0.0005128529452393864,0.00018430421033346225
00_00_00_05_08_00_00,23,363.9811,375.2829,neutral,3,0.00016575056205710018,0.11366216489531072,0.0008905719060360754,0.09778748202447532,0.784975653851067,0.0005073272940324833,0.002011049467021194
00_00_00_05_08_00_00,25,396.0848,426.5839,neutral,3,9.254806253058372e-06,0.31172159515706965,9.742631649631115e-05,0.0018243260618297386,0.6854080157176834,0.0007465665418369922,0.00019281539883085884
00_00_00_05_08_00_00,27,447.5795,463.4817,neutral,3,8.621454372390017e-06,0.020701634676010175,0.00019746595771638978,0.0003023441266755684,0.9474208863412439,0.03134359471020275,2.5452733778714927e-05
00_00_00_05_08_00_00,29,483.6832,484.8817,disgust,3,7.253432732957163e-05,0.7317106882103945,0.00021328517185630413,0.0008079297660985689,0.25254573746850617,0.008667163790316457,0.005982661265498159
00_00_00_05_08_00_00,31,505.7835,520.0892,disgust,3,0.00041527309851766025,0.1060208924114758,0.001734386751145487,0.42799445385301765,0.38750416170224133,0.006887516637433616,0.06944331554616855
00_00_00_05_08_00_00,33,538.2912,541.3819,disgust,3,1.949113136895421e-05,0.2688882903244908,0.0001733233750034552,0.03343073835288777,0.6962369164064204,0.0010024554424352642,0.0002487849673933603
00_00_00_05_08_00_00,35,564.4897,581.184,neutral,3,8.461778166758101e-05,0.11985919780796214,0.0001850755153395444,0.1983046387918656,0.6792922026643864,0.00019428502866873125,0.0020799824101099622
00_00_00_05_08_00_00,37,605.7837,607.3882,disgust,3,0.0004142088380721344,0.6647011503098982,4.5008012875117e-05,0.00023208556729148935,0.3323500968820196,0.00225192823948895,5.522150354386753e-06
00_00_00_05_08_00_00,39,624.7923,631.9895,neutral,3,6.316821098187921e-05,0.4961070301608823,0.0004548238093099468,0.0011029441751464481,0.49590291405147796,0.005961489986402172,0.0004076296057992387
00_00_00_05_08_00_00,41,648.6861,650.1914,disgust,3,5.779215190455695e-05,0.33575471074422586,4.996498996879478e-05,0.00022191464915282712,0.6533480900153341,0.010560113118389072,7.4143310247162724e-06
00_00_00_05_08_00_00,43,669.6837,673.5865,disgust,3,0.0016224634442586145,0.12689349269560643,0.005013990799398577,0.03563168192928626,0.8224758523973603,0.006468686890939971,0.001893831843149836
00_00_00_05_08_00_00,45,694.8854,713.7941,neutral,3,5.9894355149592047e-05,0.1468148263675803,0.0022271513932611135,0.004030771576334611,0.8455936645469526,0.0011953698834927392,7.8321877229e-05
00_00_00_05_08_00_00,47,731.5872,759.3925,neutral,3,1.3095654025731285e-05,0.009920957065780408,0.0012880588136634336,0.007397130303521213,0.9787097658852393,0.0025801821014182756,9.081017635174379e-05
00_00_00_05_08_00_00,49,781.688,822.5917,neutral,3,6.3356939238563565e-06,0.021891506622788492,3.959784837647442e-05,0.010949091559659433,0.9669595471120126,9.521327472542085e-05,5.870788851376238e-05
00_00_00_05_08_00_00,51,843.2938,881.5941,disgust,3,3.3006846354481116e-05,0.23506885788978044,0.0006247318123702608,0.024196417073055712,0.7363775044564871,0.00020368711927298009,0.0034957948026790235
00_00_00_05_08_00_00,53,902.7925,923.5977,disgust,3,1.679656389737117e-05,0.28436275298414454,0.0002274390759634666,0.00876172328425646,0.7047327812280153,0.00017686533240401017,0.001721641531318802
00_00_00_05_08_00_00,55,951.7944,953.3917,disgust,3,0.0006894699668523057,0.6209572351842695,0.00014204378567759656,0.0018965365388269387,0.3715081096403771,0.003739985062306016,0.0010666198216904921
00_00_00_05_08_00_00,57,969.4945,982.991,neutral,3,1.6676629797842883e-05,0.31120585874964807,7.759281919601165e-06,0.2913368645643864,0.3974090085299135,2.0151295305634334e-05,3.680949028967894e-06
00_00_00_05_08_00_00,59,999.8983,1006.391,happy,3,2.2610527921585057e-05,0.1931467003298092,5.252071824885474e-05,0.33402432713713276,0.4727066733378953,3.562716631284791e-05,1.1540782679535044e-05
00_00_00_05_08_00_00,61,1026.8913,1045.4963,neutral,3,3.7344113009575846e-05,0.3013053098489348,0.0005166657293826463,0.02787665408795695,0.6689340668789996,0.0012846195978890999,4.533974382736032e-05
00_00_00_05_08_00_00,63,1060.3998,1066.6935,neutral,3,0.00011857127157403624,0.028256184159463106,0.00025260108746268583,0.0028082340151580703,0.959471577104661,0.00023220981984232493,0.008860622541838703
00_00_00_05_08_00_00,65,1084.9984,1116.6994,neutral,3,1.781395045979977e-05,0.008486588407920636,0.0002900869892184183,0.22775461910890898,0.762544194059516,0.0006984550133692689,0.00020824247060683513
00_00_00_08_08_00_00,1,28.526,35.4283,neutral,3,2.628043403164694e-05,0.0008864421716520423,4.141628451006822e-05,0.0005107682710126223,0.9669246240929656,4.5831049599026914e-05,0.031564637696228935
00_00_00_08_08_00_00,3,46.7244,63.0257,neutral,3,1.8117918281830207e-05,0.001035586178036703,0.0002561366214834569,0.0001319286778367583,0.6618140837705391,0.0006352071354599795,0.33610893969836225
00_00_00_08_08_00_00,5,76.4256,77.5244,neutral,3,0.00022690321407479712,0.002958565894296982,6.373486997949126e-05,0.019959870984216033,0.9658926797086818,0.004715957519848958,0.006182287808902057
00_00_00_08_08_00_00,7,96.9239,109.0299,neutral,3,0.00013006514067182324,0.0013223951394384838,7.96248128044623e-05,0.11453486359044776,0.5576529914266468,4.223954367405942e-05,0.3262378203463168
00_00_00_08_08_00_00,9,123.4224,125.6266,neutral,3,3.112055337624554e-05,7.713320228579327e-05,1.950164491997292e-05,0.00015280197025854881,0.9992210571269762,0.00011437334551566596,0.00038401215666749173
00_00_00_08_08_00_00,11,137.8285,139.424,neutral,3,6.493908363161167e-07,0.00028448525950022134,1.9171622740858665e-06,2.7147611027298707e-05,0.9989169609880195,3.0041478038415384e-05,0.0007387981103041811
00_00_00_08_08_00_00,13,156.7235,158.7255,neutral,3,5.266859710111188e-07,5.863048956761106e-07,4.299817160698774e-07,1.0077822333565226e-05,0.9999529976471502,1.728997073454791e-05,1.809158719884279e-05
00_00_00_08_08_00_00,15,182.1245,182.7237,neutral,3,9.689333500342681e-06,3.405387419277228e-05,2.5478500392063498e-05,0.3108057448097829,0.6870483865119281,0.0007422965368342039,0.0013343504333695815
00_00_00_08_08_00_00,17,197.1234,205.7271,neutral,3,7.166959506011194e-06,9.066826387890521e-05,1.969538389844461e-05,0.0001148630008192339,0.9996033284664716,1.780135209202463e-05,0.00014647657333395175
00_00_00_08_08_00_00,19,221.5239,237.0252,neutral,3,1.6654626805596227e-05,7.016206487528248e-05,2.1908472345371893e-05,7.060616388230594e-05,0.9995954687933865,2.7973234615061622e-05,0.00019722664408989936
00_00_00_08_08_00_00,21,261.3291,262.9257,neutral,3,0.00010995967314226122,0.00018451642061231038,8.799307315510424e-05,0.0003834633979971801,0.9914645522223372,0.0011607362380439874,0.006608778974711969
00_00_00_08_08_00_00,23,275.9249,290.826,neutral,3,9.779954901520156e-06,6.01200391465306e-05,2.0542565756172966e-05,7.175733347381376e-05,0.9993210050378226,5.9073288374471934e-05,0.000457721780524965
00_00_00_08_08_00_00,25,313.2288,315.2303,neutral,3,5.658258743467192e-05,8.62123228203994e-05,5.350011066537255e-05,0.00017357333752263755,0.9995139086033475,9.58759502086378e-05,2.0347088000690075e-05
00_00_00_08_08_00_00,27,327.3285,350.2331,neutral,3,0.0003555716957519105,0.0004434135616153453,7.964141873362821e-05,0.00030419315112878155,0.9982705635390584,0.0005250275470505555,2.1589086661221303e-05
00_00_00_08_08_00_00,29,369.4341,374.1294,neutral,3,2.7044719389192697e-05,0.00015010674560500398,7.541613146367823e-05,0.0023048461054155658,0.9958026232298507,0.0016174324541631418,2.2530614112866346e-05
00_00_00_08_08_00_00,31,395.4286,409.336,neutral,3,2.4362809707768782e-05,0.000496512769027963,9.332853948488176e-05,7.845495096236952e-05,0.9987418362870717,0.0003167181620787505,0.00024878648166659677
00_00_00_08_08_00_00,33,424.9339,427.0272,neutral,3,7.143948413893075e-06,9.538378316522531e-06,4.664044290242319e-06,5.790746103865074e-05,0.999842547797603,2.584585427884549e-05,5.235251605894193e-05
00_00_00_08_08_00_00,35,444.2366,446.5329,neutral,2,4.922682803321384e-06,6.675900090823628e-05,4.324615687691167e-06,4.1380596348582176e-05,0.9996404316753407,0.00019784339318065558,4.4338035730852564e-05
00_00_00_08_08_00_00,37,470.436,472.2348,neutral,3,9.462787621378742e-06,4.7525169626197464e-05,2.46417685257956e-05,0.0001555668985898039,0.9996509257731473,4.58963779174523e-05,6.598122457212185e-05
00_00_00_08_08_00_00,39,485.3282,493.2359,neutral,3,1.5222812066913969e-05,0.0005020936986309705,3.873632584325129e-05,4.475272147154115e-05,0.9938429718512294,4.373647999053916e-05,0.00551248611076743
00_00_00_08_08_00_00,41,507.3359,508.829,neutral,3,1.554547919362264e-05,6.308723084814254e-05,6.573264296640012e-05,4.3873292053524544e-05,0.6652377335040819,0.0001472438860545526,0.3344267839648019
00_00_00_08_08_00_00,43,525.1369,526.8349,neutral,3,6.047745186076542e-05,0.00017538987339959602,2.1397852811217937e-05,7.216575405236837e-05,0.9389950557575034,0.0006402742473291285,0.06003523906304363
00_00_00_08_08_00_00,45,554.1322,555.6366,neutral,3,4.909069655122231e-06,1.2497013142911964e-05,6.608883175029721e-06,3.7585998516339965e-05,0.999608478240785,0.00014548533652485369,0.00018443545820073773
00_00_00_08_08_00_00,47,566.838,569.8291,neutral,3,5.248915930298976e-06,3.430449780507776e-05,2.2939322845969886e-05,4.428585355123082e-05,0.7699389764236039,6.350945281417681e-05,0.22989073553344938
00_00_00_08_08_00_00,49,592.4323,602.4345,neutral,3,5.969188099066053e-06,5.392913358907225e-05,1.1012859579421975e-05,3.203874708370506e-05,0.999450635113294,6.708128535648182e-05,0.0003793336729982643
00_00_00_08_08_00_00,51,616.136,617.3348,neutral,3,4.184559440271053e-05,5.949602047006321e-05,3.3721312269941226e-06,0.00012953160578388473,0.9990981879953222,3.1372901449760104e-05,0.0006361937513444066
00_00_00_08_08_00_00,53,637.6386,639.436,neutral,3,1.5417640047257854e-05,0.00015097442787319416,3.86941027806102e-05,3.761119590446099e-05,0.9921856818031907,1.4968317818886698e-05,0.007556652512384965
00_00_00_08_08_00_00,55,659.2389,683.735,neutral,3,1.77664989216456e-05,0.000659073677376624,5.5561856628821695e-05,0.00015668847819103634,0.7124986581405905,2.8365214990163876e-05,0.2865838861333012
00_00_00_08_08_00_00,57,701.441,704.8395,neutral,3,4.29777379127134e-05,0.003915435489030944,6.37216340626805e-05,0.00490727350562751,0.985857949887488,5.113862509407682e-05,0.005161503120784089
00_00_00_08_08_00_00,59,719.1395,721.338,neutral,3,1.1846422816642487e-05,0.00015767192013241938,6.987284170986918e-06,7.928962089038496e-05,0.9973999421374606,0.0022587800860428744,8.548252848607868e-05
00_00_02_02_03_00_00,0,31.186,42.591,neutral,3,0.00021193368404855034,0.004784807009893801,0.0002438063615094475,0.0015159526119287545,0.776434918860067,0.00014040840997599298,0.21666817306257646
00_00_02_02_03_00_00,2,60.524,76.583,happy,3,0.0005666912047958078,0.011432584246978215,3.814358675228769e-05,0.9826210923859856,0.00385303642401573,0.000766233311336806,0.0007222188401355444
00_00_02_02_03_00_00,4,99.113,118.129,neutral,3,5.005976152966863e-05,0.002287803004526041,2.6522955044244814e-05,0.00012900736630838287,0.6653369321256621,0.00010972462293956597,0.33205995016399
00_00_02_02_03_00_00,6,154.879,184.915,happy,3,0.0007167312151874814,0.5918154485799489,0.0006107245738800358,0.0018123494072847378,0.3802876190163712,0.024649739616715273,0.00010738759061247472
00_00_02_02_03_00_00,8,209.788,228.545,neutral,3,6.296737709550374e-06,0.15490912088167716,4.3168042851402044e-05,0.0006600060637435293,0.8424757568598817,6.415065633569069e-05,0.0018415007578010839
00_00_02_02_03_00_00,10,1335.168,1338.843,neutral,3,1.1937297070106144e-06,1.220911707285825e-05,4.3764831398644745e-06,4.661829382941057e-05,0.9998292450305977,0.00010539615741133943,9.611882419067378e-07
00_00_02_02_03_00_00,12,1177.9,1180.021,happy,3,1.0194401313671696e-07,1.2753723265403728e-05,1.510130974371024e-06,1.5754330540958604e-06,0.9999741732993637,9.81831751356552e-06,6.715181579651644e-08
00_00_02_02_03_00_00,14,1256.231,1261.84,neutral,3,2.8670046201517507e-06,0.0002109408988611509,2.673252014883419e-06,6.271002279973641e-05,0.999344819110227,0.0003751154340186825,8.742774584604527e-07
00_00_02_02_03_00_00,16,1258.942,1259.733,happy,3,1.5758572246035246e-06,0.0003327097520631111,1.1201649363049488e-06,8.523342532874072e-05,0.9994256704405755,0.00014959404587275353,4.096313999057211e-06
00_00_02_02_03_00_00,18,1299.632,1301.586,happy,3,0.0006575848935385421,0.015610950581482414,0.0004609291913681101,0.0009523816653820707,0.6939086058658601,0.288333901879492,7.564592287671137e-05
00_00_02_02_03_00_00,20,1341.033,1359.134,neutral,3,0.0001091762189949953,0.0013281262261955035,0.0003352087330075217,0.00025485083413130324,0.997485852583419,0.00039374865128009157,9.303675297145485e-05
00_00_02_02_03_00_00,22,1190.278,1234.431,neutral,3,0.00012129324172242599,0.0008124065600771714,3.103000159551737e-05,0.0003337160009950066,0.66648034117153,1.3390752912702054e-05,0.33220782227116735
00_00_02_02_03_00_00,24,1335.78,1345.611,neutral,3,7.688666664429632e-07,1.6838373342899148e-05,2.0038793861760714e-06,3.129821016823639e-05,0.9998491072091913,9.861544126582811e-05,1.3680199791117603e-06
00_00_02_02_03_00_00,26,1115.443,1128.898,neutral,3,0.0001766427645000307,0.541993471403145,0.00042462796550394357,0.0005260182356573359,0.3140101628109946,0.1111200511211223,0.031749025699076845
00_00_02_02_03_00_00,28,1270.862,1273.428,happy,3,6.44104475185214e-05,5.7963190563331425e-05,7.076989013314632e-07,2.0068433262584726e-05,0.987592570111712,0.012248221855636409,1.6058262405954426e-05
00_00_02_02_03_00_00,30,1340.408,1357.944,neutral,3,0.0004274846724937547,0.0006777215866353763,0.0005334638769364633,0.0030788203611418425,0.8168503917772211,0.0001757320306192547,0.17825638569495234
00_00_02_02_03_00_00,32,946.163,981.485,neutral,3,1.2942922393585755e-06,4.046228845442875e-05,3.080100137394727e-05,0.00011588078555037221,0.999656195796312,0.00014971587712226571,5.649958947529652e-06
00_00_02_02_03_00_00,34,1266.62,1268.369,neutral,2,0.2630910109454664,0.004745620504430814,0.001018777789610401,0.052467137102688854,0.075292971643664,0.026196752554740646,0.5771877294593989
00_00_02_02_03_00_00,36,972.83,983.904,happy,3,8.000722830380365e-07,1.8682849748372553e-05,2.297272900426478e-05,2.9736439977107052e-05,0.9998488688230647,6.904196712279514e-05,9.897118799783308e-06
00_00_02_02_03_00_00,38,1193.52,1231.262,neutral,3,0.0003504134067515727,0.0006552098566357746,2.190120006354187e-05,8.627252226848878e-05,0.6671543838495697,6.254491575790892e-06,0.33172556467313524
00_00_02_02_03_00_00,40,1118.788,1149.334,neutral,3,0.0007861114469199261,0.21020636961136452,0.0018008006392356954,0.001603730386717655,0.7842682389539947,0.00040814749626543357,0.0009266014655021308
00_00_02_02_03_00_00,42,1261.84,1264.74,neutral,3,0.002057271470720948,0.001850590555692828,0.00016718620248039806,0.002446711072079952,0.6913586619202199,0.002952579633132436,0.2991669991456736
00_00_02_02_03_00_00,44,1234.632,1237.588,neutral,3,1.7437907876593288e-06,0.0003980092481902983,6.967218771012386e-07,0.00012982006512996113,0.9991999580906373,5.6709679134631976e-05,0.00021306240424293974
00_00_02_02_03_00_00,46,1266.26,1268.934,neutral,3,0.15689299686573763,0.001450446007125131,0.0006437460347132107,0.03411969727973461,0.011593273760535146,0.004884950582663307,0.790414889469491
00_00_02_02_03_00_00,48,1029.878,1142.36,neutral,3,5.6074187176324725e-05,0.0003209407126299734,0.0004451918310642846,0.00010688610893458693,0.9558706663688737,0.00013203408302195796,0.04306820670829907
00_00_02_02_03_00_00,50,1184.699,1226.011,neutral,3,2.7049551870083237e-05,0.007276862548832858,2.388191425639065e-05,0.000945213639377821,0.991054888465078,6.319726505715888e-05,0.0006089066155276598
00_00_02_02_03_00_00,52,1265.951,1282.644,neutral,2,8.467733480465575e-05,0.0014776785702924,6.272213301111915e-06,0.4960670908953784,0.5014270562991733,0.0001110148191493432,0.0008262098679007896
00_00_02_02_03_00_00,54,1334.941,1343.22,neutral,3,4.131948655975326e-07,7.897175469436731e-06,1.0294151757254955e-06,5.991880685403582e-05,0.9999028854436302,2.4515754005370058e-05,3.340209999626459e-06
00_00_02_02_03_00_00,56,1386.338,1400.896,neutral,3,3.933652890868442e-05,0.04848671613344213,7.268870974003118e-06,0.6153199478260113,0.33520878173831775,0.0008138468418081875,0.00012410206053787879
00_00_02_02_03_00_00,58,1431.756,1453.369,happy,3,0.00020321044422050698,0.0017439792344417547,2.446286909843089e-05,0.0012699676436946437,0.9909218231472763,0.0003049871752024149,0.005531569486065807
00_00_02_04_07_00_00,0,1002.0,1003.795,neutral,3,3.768312305053328e-05,0.0002960399652772576,1.6244070595392283e-05,0.00030180118698114154,0.994526142597759,0.001716038090582499,0.0031060509657542534
00_00_02_04_07_00_00,2,832.733,833.757,happy,3,0.00026104527003322246,0.005641006745324159,0.00016470176916468174,0.004954851681450943,0.8894426008286946,0.0033484862488955495,0.09618730745643687
00_00_02_04_07_00_00,4,1282.847,1293.863,neutral,3,0.0025015714023442566,0.25738063509230596,0.0004358740845423544,0.33325815731010644,0.30016978576112624,0.04201349704690413,0.06424047930267057
00_00_02_04_07_00_00,6,1277.0,1278.373,neutral,3,0.00032844154015839214,0.001702545929096563,0.0003703903925016829,0.000159128040981805,0.6911353806486119,0.021192092412611736,0.28511202103603794
00_00_02_04_07_00_00,8,1015.873,1030.707,disgust,3,0.0002235395133327319,0.001292050764527022,6.989453301321011e-05,0.0014740391902547188,0.9856545897615042,0.010730900639718948,0.0005549855976491775
00_00_02_04_07_00_00,10,910.818,934.31,happy,3,0.0037289173497942274,0.0010923733572965673,6.318555966136704e-05,0.05684738307585296,0.9003271066031185,0.03754873875144127,0.0003922953028350351
00_00_02_04_07_00_00,12,1313.679,1330.5,neutral,3,0.000255606144092673,0.00228945928773241,0.00016757277562393249,0.0015148934449762555,0.9192666707176285,0.0047614665874289195,0.07174433104251744
00_00_02_04_07_00_00,14,1010.946,1032.189,happy,3,0.0005488390883712935,0.0015053443010520692,2.250203056591894e-05,0.006463397404995056,0.9676780074311904,0.005186127586782278,0.018595782157043203
00_00_02_04_07_00_00,16,1110.28,1132.337,happy,3,0.2909284345414896,0.0028582263048316514,0.0001611305709555166,0.00016764519905654556,0.6570799323576458,0.005225389430237854,0.04357924159578303
00_00_02_04_07_00_00,18,1107.889,1117.519,surprise,3,0.00272724621246676,0.0002085264730629803,2.498067675938791e-05,0.0007512407340308222,0.9433341588005706,0.003053435346169936,0.04990041175693965
00_00_02_04_07_00_00,20,1162.375,1165.125,surprise,3,0.0004929543293804453,0.006446565992592332,0.00017453398290461267,0.08068964835970205,0.6528037255046919,0.2593087726155297,8.379921519898931e-05
00_00_02_04_07_00_00,22,1284.408,1295.511,surprise,3,0.001158592095378337,0.32229410429484234,0.00011897669717721413,4.1671285142395394e-05,0.47076900620733897,0.2045447154848023,0.0010729339353184753
00_00_02_04_07_00_00,24,1115.148,1135.365,neutral,3,0.276815228089198,0.0005864103712501332,6.206449625906532e-05,0.0007027435815807434,0.3458921900270966,0.007094230351990718,0.3688471330826246
00_00_02_04_07_00_00,26,974.127,975.218,happy,3,8.409763107296095e-06,6.608544324829704e-05,3.924485782482584e-06,2.670719984255263e-05,0.9997961727470124,3.762825133536321e-05,6.107210967174555e-05
00_00_02_04_07_00_00,28,949.746,953.677,neutral,3,6.346959630779077e-05,0.0005879049096639848,6.714598378976238e-06,0.7269157209127082,0.26756422687932396,0.004854891325004659,7.07177861244749e-06
00_00_02_04_07_00_00,30,1305.793,1322.804,neutral,3,0.0005796185412180417,0.003554321127671104,0.00022883167706884625,0.001568061982398847,0.9047169477193471,0.05160538910852315,0.03774682984377296
00_00_02_04_07_00_00,32,1005.205,1019.395,happy,3,5.6344306627099316e-05,0.0009742979293079822,1.1551252085960056e-05,0.00012799696147446345,0.6719479425642605,0.0002270187164554619,0.3266548482697886
00_00_02_04_07_00_00,34,1058.178,1082.25,happy,3,4.148971124402201e-06,9.395151702172592e-05,7.673943674069713e-06,0.33452140590987645,0.665020367022575,0.00018583030956602754,0.00016662232616240202
00_00_02_04_07_00_00,36,1023.333,1048.535,happy,3,0.000778727967936602,0.016690879698832557,2.2983533990682364e-05,0.3306888152175093,0.6473382362888057,0.004350618287239036,0.00012973900568604807
00_00_02_04_07_00_00,38,1262.25,1290.809,neutral,3,9.143578644677205e-05,0.0005026149307249265,8.521553718011364e-05,0.3333327297703322,0.2794473328533196,0.2768097196314159,0.10973095149058067
00_00_02_04_07_00_00,40,1107.778,1126.524,happy,3,0.0034660419859622515,0.0010892630317902658,6.211298656716942e-05,0.00018198611214637994,0.9651760521813335,0.00505667294235578,0.024967870759844694
00_00_02_04_07_00_00,42,1104.625,1116.333,happy,3,0.001770091675920011,0.00024021384640288685,2.8232717352509903e-05,0.00022294374515287202,0.6186696475439967,0.0016112879411956276,0.37745758252997946
00_00_02_04_07_00_00,44,1010.676,1041.526,happy,3,0.002195511913481022,0.0036180032888339215,0.00020949907174677858,0.34044197669493903,0.5679317815279633,0.03125578135515498,0.05434744614788096
00_00_02_04_07_00_00,46,1113.8,1134.587,happy,3,0.0009326203963672295,0.00029353675369899867,8.075456037848864e-05,0.00013178806778841258,0.5515059319602735,0.005095409709759698,0.4419599585517336
00_00_02_04_07_00_00,48,931.136,949.068,happy,3,0.0002204447637541264,0.00011405706930677702,1.4189864559107107e-05,0.00016994781342246468,0.9823217209647774,0.00043017366147549076,0.01672946586270458
00_00_02_04_07_00_00,50,999.928,1032.405,happy,3,6.470050976823606e-05,0.0010751593491759035,1.6537963162412996e-05,0.1896792118905342,0.803750793757155,0.0029938728826609407,0.002419723647543483
00_00_02_04_07_00_00,52,1065.321,1072.818,happy,3,0.0005603979912458834,0.0008115231477912511,1.3001692156450554e-05,0.33811763824097624,0.5085031963652978,0.002738498181646802,0.14925574438088557
00_00_02_04_07_00_00,54,1104.938,1134.846,neutral,3,0.0003301330485675954,0.0032408525643324443,0.0002768185196109516,0.000124169877471368,0.9322874416258541,0.04653720269771492,0.01720338166644867
00_00_02_04_07_00_00,56,1199.279,1215.466,happy,3,0.16783771497489658,0.027254421585190453,0.0008467758865199165,0.3596337776298079,0.38976468230896577,0.030199456249526108,0.02446317136509324
00_00_02_04_07_00_00,58,1217.389,1218.389,happy,3,0.051126600812342965,0.0026943555754126757,0.00010149827790234638,0.002693120762986157,0.6540778363917635,0.0034771068794406555,0.2858294813001518
00_00_02_04_07_00_00,60,1222.76,1239.0,surprise,3,3.578321432949582e-05,0.004837456687739524,1.561598941012772e-05,0.13513238243967862,0.8597284606672996,0.00011601394189124527,0.00013428705965145798
00_00_02_04_07_00_00,62,1239.0,1242.0,neutral,3,0.0019134620236893303,0.0012256327149529126,8.777519942258277e-05,0.0009554544305064736,0.6806266678106926,0.003608411630682842,0.3115825961900532
00_00_02_04_07_00_00,64,1246.357,1270.84,neutral,3,0.0001413675522137821,0.0011046216305732378,0.0001084966890394625,0.028480699538571536,0.9623208558947075,0.007458956037733422,0.00038500265716099826
00_00_02_04_07_00_00,66,1271.5,1273.29,surprise,3,3.282369138016992e-05,0.009203390051866924,0.00010293007694593424,6.540405170052186e-05,0.6283529429723523,0.028131129654589065,0.334111379501165
00_01_00_04_03_00_00,1,33.44,39.84,neutral,3,0.005583985417769858,0.45281383762695565,0.00017724779868382354,0.0002558521117189343,0.5380310688079134,0.002985692119165263,0.00015231611779296922
00_01_00_04_03_00_00,3,54.995,57.902,disgust,3,0.0001407752287031094,0.8543204955628528,1.923733866018358e-05,0.0012399438838249753,0.141678025986093,0.002516168565969403,8.535343389641842e-05
00_01_00_04_03_00_00,5,72.48,83.42,disgust,3,2.905726773868212e-05,0.6812637294387291,3.43090733736647e-05,0.00018514406980999038,0.3182609894088456,7.81566731476329e-05,0.00014861406835536082
00_01_00_04_03_00_00,7,119.08,135.307,disgust,3,0.00017234592611100257,0.7913505757106654,4.412720538068867e-05,0.0005204944159040908,0.20524687931915275,0.0024818988858908483,0.0001836785368951955
00_01_00_04_03_00_00,9,160.58,163.021,disgust,3,0.00048711035979848383,0.7783632859305336,7.292395248769034e-05,0.0011744848694366986,0.21802361832615566,0.0018523945473685216,2.618201421930813e-05
00_01_00_04_03_00_00,11,181.11,192.238,neutral,3,0.0057249157232126275,0.16793500415116167,0.00014872229521104363,0.005161689367387192,0.806811191193144,0.007043828155256781,0.007174649114626674
00_01_00_04_03_00_00,13,234.994,243.646,neutral,3,0.030338878712486937,0.4126020803589427,0.0016208705069282823,0.00042302743641013343,0.2616124721268322,0.1883402424422374,0.10506242841616233
00_01_00_04_03_00_00,15,267.004,287.011,disgust,3,0.0035671487969070634,0.35085235913257395,0.00029549946271777557,0.0020611164535724743,0.4003804085391925,0.08884057076623088,0.15400289684880522
00_01_00_04_03_00_00,17,318.32,361.017,neutral,3,0.0035801145001616544,0.2673560222963406,0.0009626142689224209,0.002852269291165555,0.42960541913774497,0.024157095722949603,0.2714864647827152
00_01_00_04_03_00_00,19,414.529,424.56,disgust,3,0.002128660395110501,0.758467008245256,0.001932709803418891,0.0005163347078611641,0.15247762953177163,0.00844576298952674,0.07603189432705494
00_01_00_04_03_00_00,21,441.764,463.26,disgust,3,0.03529885723912401,0.3381247767944488,0.0006636972292979262,0.0009960197779700362,0.5565930574496395,0.00479785105382977,0.06352574045568976
00_01_00_04_03_00_00,23,493.26,519.72,disgust,3,0.0015001847465648688,0.5067839797636947,0.0004750873461065217,0.001539132753443264,0.4712566854488383,0.0017379317535285465,0.016706998187823594
00_01_00_04_03_00_00,25,574.26,604.761,disgust,3,0.001171142717425003,0.3091959102988293,5.587187461747221e-05,0.0008842772629405306,0.6701881141646865,0.008648578170629662,0.009856105510871382
00_01_00_04_03_00_00,27,641.676,647.866,neutral,3,0.00013671845084474785,0.5041089611412012,0.0005378727649742327,0.0017144399949810504,0.4921766231995768,0.0007259625940895983,0.0005994218543324921
00_01_00_04_03_00_00,29,339.843,341.211,disgust,3,6.454694111429056e-05,0.9804649868427397,0.00010020929787591168,0.00039407081748899566,0.01813740174007654,0.00056806195441463,0.00027072240628998585
00_01_00_04_03_00_00,31,654.5,710.665,disgust,3,0.00046360063426356413,0.4729558387837412,0.0015318402992014158,0.0015487317271426413,0.49348817901361125,0.0299247921429026,8.701739913741258e-05
00_01_00_04_03_00_00,33,774.22,777.56,disgust,3,0.00025197499268193093,0.05970681868299182,0.0007225584004561719,0.0029599139468040885,0.8791356216874302,0.04806891170378551,0.009154200585850246
00_01_00_04_03_00_00,35,788.633,818.74,disgust,3,0.006994549198752488,0.4979697580295707,0.0008413657371611415,0.007980681874958373,0.35516266518996864,0.0023638162433551476,0.1286871637262335
00_01_00_04_03_00_00,37,885.002,908.948,disgust,3,0.004196496837387061,0.8794895256265522,0.0005499793651811027,0.0017322465127570157,0.09920824245043226,0.002404861712437613,0.012418647495252722
00_01_00_04_03_00_00,39,945.28,979.38,neutral,3,9.909734359026039e-05,0.6990799672734315,0.00010271654812804828,0.0006472487114910353,0.2996692428331386,0.0002396316143980727,0.00016209567582234536
00_01_00_04_03_00_00,41,1027.88,1029.88,disgust,3,0.0098188610302876,0.9088018799932653,0.0002455616969221571,0.004618930597448654,0.031387026479167114,0.002141017136900789,0.04298672306600834
00_01_00_04_03_00_00,43,1103.956,1136.499,disgust,3,0.0024476020300325725,0.9258093499980473,0.0005424865214261934,0.0011846106252729075,0.05177147592458747,0.0016118443910941025,0.01663263050953949
00_01_00_04_03_00_00,45,1136.88,1138.906,disgust,3,0.010753226696956475,0.2767057149894639,0.00115293475504611,0.0032570770466646883,0.6397953184554052,0.03244900958697772,0.035886718469485934
00_01_00_04_03_00_00,47,1144.137,1178.516,disgust,3,1.7842352651815508e-05,0.0014037428006035578,8.230785221758767e-06,0.0005775708187587654,0.994514427206916,0.0034492677672848964,2.891826856329355e-05
00_01_00_04_03_00_00,49,1257.88,1284.802,disgust,3,0.0005943794759103134,0.2533178704588643,0.003751944863136776,0.5571222544519941,0.06229516317946351,0.02333808551325479,0.09958030205737617
00_01_00_04_03_00_00,51,1324.741,1347.88,happy,3,0.0001325298150966722,0.797252569207599,8.603442806262579e-05,0.0012742814340540316,0.2003550128188788,0.0008255645238991712,7.400777240963588e-05
00_01_00_04_03_00_00,53,1391.516,1398.936,disgust,3,0.0005811454576701156,0.5084328705087818,8.957498957226475e-05,0.0030205488865733946,0.4877395476611499,0.00012263110454546934,1.368139170727211e-05
00_01_00_04_03_00_00,55,1459.358,1489.38,disgust,3,0.0002708881987606556,0.738232630077085,0.0001691535987706084,0.0006254083883476349,0.2584523426034512,0.002017933267280147,0.0002316438663046709
00_01_00_04_03_00_00,57,1533.88,1560.88,disgust,3,0.0005248237383304187,0.11631372708112846,0.0004292590333463619,0.0010977495064125279,0.8753002015358161,0.00030975615191371875,0.006024482953052292
00_01_00_04_03_00_00,59,1604.704,1609.798,disgust,3,0.0003369636133468591,0.7447461975242847,0.002549318693449952,0.0011350415289508272,0.24944356062311626,0.0016721326720880087,0.0001167853447632974
00_01_00_05_08_01_00,1,31.9335,42.3271,neutral,3,0.00013159313596501735,0.2935354680759118,7.182485068741142e-05,0.00041333608821360535,0.6121028050302958,0.09228106598711126,0.0014639068318150778
00_01_00_05_08_01_00,3,57.1277,63.5286,neutral,3,9.296673633738624e-06,0.0005625206960352464,1.9389791278827e-07,0.9994212844287679,2.8057641100800674e-06,3.5700675072017877e-06,3.2847203314152655e-07
00_01_00_05_08_01_00,5,77.2311,83.5326,neutral,3,0.0002368660243582023,0.107246393670111,0.0015072266621498672,0.39451173774302756,0.43590564046585434,0.03346314355478157,0.027128991879717464
00_01_00_05_08_01_00,7,102.3337,109.232,neutral,3,0.00026337625608635027,0.022356721577841097,4.271969391280811e-06,0.0004278285889499733,0.9740884369762021,0.0027149089454899483,0.00014445568603929803
00_01_00_05_08_01_00,9,124.8331,135.5278,neutral,3,0.000111852238664446,0.029223704585986873,0.0002508038388821453,0.36035670318793533,0.606589419518415,0.0031240814199240256,0.0003434352101920937
00_01_00_05_08_01_00,11,156.0332,157.8345,neutral,3,2.4875332725276765e-05,0.051863906684871605,6.470148536893846e-05,0.23873602942122518,0.7067148710044358,0.0025818505255931394,1.3765545780175997e-05
00_01_00_05_08_01_00,13,174.1287,179.9291,neutral,3,1.2995877962185132e-05,0.011888865227870643,0.00011193203921346368,0.001430652961808063,0.983987632160855,0.0001925987327926311,0.0023753229994978877
00_01_00_05_08_01_00,15,199.135,213.3333,neutral,3,2.5348900977914477e-06,0.20064569700859525,1.4243097229202951e-05,0.333937949428116,0.4646425890352944,0.0007466988220596939,1.028771860771554e-05
00_01_00_05_08_01_00,17,232.0305,237.83,neutral,3,0.0002429576135961125,0.04342549195862649,4.476738713471262e-05,0.09947610070635168,0.8519133472872273,0.004879130222851072,1.820482421269798e-05
00_01_00_05_08_01_00,19,257.2361,258.4302,neutral,3,6.0060474104229126e-05,0.026810252182331545,1.1761845229045447e-05,0.4387551141348025,0.5338608440789644,4.3844729788535676e-05,0.00045812255477990224
00_01_00_05_08_01_00,21,271.0313,282.2292,neutral,3,0.0004306787163956194,0.014898461906811331,4.0476824762464965e-05,0.45933224183974114,0.524476857969676,0.0007796470527774288,4.163568983584021e-05
00_01_00_05_08_01_00,23,301.2332,305.63,neutral,3,1.6728417557767527e-05,0.17486237565118093,1.8967478608239513e-05,0.00011739537724912172,0.8219784079574154,0.002722705610344304,0.00028341950764423755
00_01_00_05_08_01_00,25,324.4357,327.8336,neutral,3,8.257470915211493e-06,0.2904865082872081,9.063404228409859e-05,0.0005303766542364546,0.597323331741364,0.001025393373609177,0.11053549843038298
00_01_00_05_08_01_00,27,343.5382,345.3389,neutral,3,4.8175933392875685e-06,0.3487803664792685,9.538311999356585e-06,0.00010399567125632881,0.6493392369515268,0.001737160899287309,2.4884093322195936e-05
00_01_00_05_08_01_00,29,359.9342,361.8293,neutral,3,0.00029643338377218875,0.026614310284146014,0.00015211654055709978,0.035244404303332574,0.9362828247567675,0.0013846008871509917,2.5309844273509747e-05
00_01_00_05_08_01_00,31,393.3369,397.039,neutral,3,5.299433580291023e-05,0.010657356186711864,0.001146010392357819,0.07684213905843626,0.5804915359057999,0.0006160873260646903,0.3301938767948265
00_01_00_05_08_01_00,33,416.2401,418.6332,neutral,3,9.447596636163298e-07,0.00010115252231585647,1.0364241328710707e-06,0.9997813856480003,8.359754956898413e-05,2.9833049803188456e-05,2.050046515011409e-06
00_01_00_05_08_01_00,35,439.7371,445.4355,neutral,3,0.00029054089715083723,0.2928546471417665,0.0013121922117657954,0.07838851082327833,0.5662531714619504,0.060822313244450525,7.862421963762121e-05
00_01_00_05_08_01_00,37,471.9377,473.2396,neutral,3,3.236024815373458e-06,0.0015746867681656128,3.4720350155002738e-06,1.9940443085959784e-05,0.9981801544223472,0.00012330501862046532,9.520528795003661e-05
00_01_00_05_08_01_00,39,484.9418,487.2352,neutral,3,7.3986838598370346e-06,0.019911748509441465,1.6628074751961132e-06,0.7986634929868728,0.18136535227594444,4.9158564602983635e-05,1.186171803252193e-06
00_01_00_05_08_01_00,41,506.4357,512.4343,neutral,3,0.001413932231488106,0.01828310996703968,4.0020357178084526e-05,0.5776345235748925,0.40045425743757906,0.0021643375174593632,9.818914363140599e-06
00_01_00_05_08_01_00,43,546.543,555.2352,neutral,3,0.00020835959347528866,0.40234580002214776,2.189052759115415e-05,0.03086323181798086,0.5312387086787999,0.03526298554954513,5.902381045988839e-05
00_01_00_05_08_01_00,45,573.0411,580.1439,neutral,3,3.5697928062168165e-05,0.37811062564940323,3.7579282191156985e-05,0.00017171046949975257,0.6206186311619827,0.0010214948030486321,4.260705812433409e-06
00_01_00_05_08_01_00,47,596.5412,603.1437,neutral,3,2.010267220766041e-05,0.037912522500694594,2.8747823624229115e-05,0.7487720811144848,0.19519165330652627,0.018058741476193723,1.615110626864638e-05
00_01_00_05_08_01_00,49,628.639,636.7443,neutral,3,3.99282271209326e-05,0.05388715773326251,4.091129823288979e-06,0.007772539612446752,0.9379504339331585,0.0003407312596402579,5.1181045476656305e-06
00_01_00_05_08_01_00,51,659.045,667.8399,neutral,3,1.1803585746217567e-06,8.175569400166877e-05,9.117577561900417e-07,0.9995247361594162,0.00038587567494792946,5.1190067079451155e-06,4.213485954272437e-07
00_01_00_05_08_01_00,53,686.8475,697.0394,neutral,3,0.00014029694566351878,0.38360020319563576,0.00019225499842908848,0.00047357336290857236,0.5949517501626196,0.02030387706742911,0.0003380442673143809
00_01_00_05_08_01_00,55,716.54,721.1418,neutral,3,7.549946232711235e-05,0.978668515685683,4.6343048216538855e-05,0.00039853362226558185,0.009037109917753692,0.01176427245852464,9.725805229402571e-06
00_01_00_05_08_01_00,57,731.1444,733.5465,neutral,3,1.5766620698274045e-06,0.0013909514689092646,8.155215633868149e-07,0.004319277437350958,0.9942144400152931,6.940619855671697e-05,3.532696256760719e-06
00_01_00_05_08_01_00,59,755.7399,758.8462,neutral,3,0.00013393034562974654,0.16322541989013462,5.481800961705334e-05,0.37190655897190605,0.41663960790658855,0.04794890928459443,9.075559152945524e-05
00_01_00_05_08_01_00,61,775.0483,776.2501,neutral,3,2.3724982768989707e-06,0.0001597219183116147,2.855514319483987e-06,0.9993497628931398,0.00046255951232218394,2.0915382167822106e-05,1.812281462149248e-06
00_01_00_05_08_01_00,63,791.5491,797.0438,neutral,3,1.094024212566046e-06,0.0003778505944709545,1.1968651223396386e-06,0.9996073816303285,7.401562683256528e-06,4.355526070091587e-06,7.197971124071617e-07
00_01_00_05_08_01_00,65,815.4457,818.8444,neutral,3,3.779013838447929e-05,7.838702387466556e-05,4.566379257655032e-05,0.6562700022985795,0.3285395557122309,0.014972096630510278,5.6504403843654555e-05
00_01_00_08_08_00_00,1,31.8049,33.6054,happy,3,1.0448016762087758e-05,0.41001664689183775,4.673312991004464e-06,0.5898345158654538,5.594047601893896e-05,7.214549319907317e-05,5.629943737404423e-06
00_01_00_08_08_00_00,3,55.1086,56.0067,disgust,3,4.159956520879428e-06,0.9762460922763193,2.6823155096861034e-06,0.023553140343571435,8.548740544169705e-05,0.0001073422827359469,1.095419901109078e-06
00_01_00_08_08_00_00,5,75.8058,78.5062,happy,3,2.997694985427653e-06,0.3357408392479389,9.632803929996596e-07,0.6642276595056192,6.124985463889856e-06,2.0330585419714224e-05,1.084700179910113e-06
00_01_00_08_08_00_00,7,100.5128,105.5042,happy,3,4.188955648345228e-05,0.43574827730544236,7.460848883534061e-06,0.5638605877950508,8.733426973650046e-05,0.0002531004745088836,1.3497498944068978e-06
00_01_00_08_08_00_00,9,122.8106,126.011,happy,3,4.26835008264313e-05,0.3611003134727363,8.2880615151886e-06,0.638328059304786,0.0002648073668782683,0.00025280957196042515,3.0387212973801284e-06
00_01_00_08_08_00_00,11,142.5115,153.7069,disgust,3,0.00020579527349402353,0.6681571220267241,2.8955261166393558e-05,0.22176544704685222,0.00944495638573695,7.0185507185114395e-06,0.10039070545530786
00_01_00_08_08_00_00,13,174.9079,177.1097,disgust,3,9.320382303829389e-05,0.5475473564245268,1.0469721828756465e-05,0.14249377710941322,0.3097500260164173,9.644370896557876e-05,8.723195809973409e-06
00_01_00_08_08_00_00,15,195.3055,202.8105,disgust,3,6.959314509880229e-05,0.997173158743046,9.37984365643995e-07,0.0013469612815803645,0.0013919429937491582,1.714495695859102e-05,2.6089520142735424e-07
00_01_00_08_08_00_00,17,230.6119,233.5151,disgust,3,4.752309343874514e-06,0.48218471449376693,4.08017363710997e-06,0.5173540433515519,3.423964622248233e-05,5.474124067871686e-05,0.0003634287847989993
00_01_00_08_08_00_00,19,252.714,253.7133,disgust,3,0.00033114068699956634,0.508084569470332,2.5643721389873372e-05,0.49118314662735557,8.248568303912563e-05,0.0002749604109131458,1.8053399970731602e-05
00_01_00_08_08_00_00,21,274.1108,276.6089,happy,3,2.6874401696652984e-06,0.6855902164233876,3.752753310912741e-06,0.31429842447598133,2.7527204262564642e-05,7.603579256127823e-05,1.3559103267390638e-06
00_01_00_08_08_00_00,23,311.9167,312.8128,happy,3,1.7876546868720663e-05,0.018051611456769694,2.520996175998189e-07,0.9819031661866008,6.765608467816398e-06,2.0104267414392465e-05,2.2383426099841415e-07
00_01_00_08_08_00_00,25,331.9109,333.4154,disgust,3,0.00015535409773973735,0.43337327103155154,4.7224716527372084e-05,0.5588042027338888,0.0011413273657628132,6.317177105553953e-05,0.0064154482834742795
00_01_00_08_08_00_00,27,356.915,359.4082,disgust,3,1.5990719464123353e-05,0.6380448928584198,1.779361406656952e-05,0.3615411593333093,0.0002628192223074658,6.237382044022247e-05,5.497043199252516e-05
00_01_00_08_08_00_00,29,381.9118,382.8187,happy,3,0.0011525429370376641,0.7555958186405362,6.999511405716917e-05,0.2386505270638512,0.003820216486153889,0.0007045344962291497,6.365262134742816e-06
00_01_00_08_08_00_00,31,400.8183,405.5139,disgust,3,6.543427554502996e-06,0.9950882937569071,1.4058847223216877e-06,0.00024176912708349677,0.0046567067502223175,4.301326023090058e-06,9.797274871296824e-07
00_01_00_08_08_00_00,33,428.019,436.115,disgust,3,1.2666953319441345e-05,0.9921880308533984,3.3808130149286457e-06,0.00010178836422374122,0.007662945553308891,2.038380656094757e-05,1.0803656173664283e-05
00_01_00_08_08_00_00,35,458.0173,459.1144,happy,3,4.127132273490473e-06,0.8202524643981284,2.6792148566619124e-06,0.1793395648194956,0.00010355324359647501,0.0002965712627676623,1.0399288817415255e-06
00_01_00_08_08_00_00,37,477.6195,481.5218,disgust,3,7.63658460313077e-06,0.9823451282316219,1.7503191578285957e-06,0.004260172720226377,0.013368191492970062,1.2477188852697272e-05,4.643462568096056e-06
00_01_00_08_08_00_00,39,507.8175,517.8149,disgust,3,7.95752356369799e-06,0.894105582268321,1.8342252278363323e-06,0.10582761214067295,3.38249977892009e-05,2.2709176666446343e-05,4.796677588140804e-07
00_01_00_08_08_00_00,41,559.0142,560.1143,disgust,3,7.026993602904693e-05,0.8556137204599522,5.730907640198246e-06,0.1409797331356956,0.002427773545294695,0.0008991031722777597,3.6688431105833857e-06
00_01_00_08_08_00_00,43,582.0177,583.9184,disgust,3,2.0258401100174187e-05,0.7252582054717498,4.031035151948476e-06,0.002602737269581883,0.27061005800370924,3.3347783039334536e-05,0.0014713620356675114
00_01_00_08_08_00_00,45,604.8202,610.8164,disgust,3,1.8895848609561203e-05,0.8878841548114677,1.976628742540056e-06,0.11181416517821148,0.0002487887449133724,3.0928519875842455e-05,1.0902681795514776e-06
00_01_00_08_08_00_00,47,637.5191,642.9223,disgust,3,4.18762655549671e-05,0.7263874139575562,7.234403993535685e-06,0.24685821388397652,0.02660996085419846,4.291447222542109e-05,5.2386162494714796e-05
00_01_00_08_08_00_00,49,662.9209,664.9224,disgust,3,3.249244928047657e-05,0.9588601241829853,4.919793882997562e-06,0.008333821122057874,0.02956593800177012,5.3957066348288075e-05,0.0031487473836748266
00_01_00_08_08_00_00,51,692.6171,702.1192,disgust,3,1.8781137915680163e-05,0.9669111267470695,8.166310835187865e-06,0.022446363332328915,0.010512905497310005,9.489256978078867e-05,7.764404760081675e-06
00_01_00_08_08_00_00,53,726.6261,727.6229,disgust,3,2.7406690076124944e-05,0.7856543691413985,4.265692377545419e-06,0.2109883855980108,0.002168932888076756,0.0011516669908038064,4.972999256600278e-06
00_01_00_08_08_00_00,55,747.3232,754.7202,disgust,3,3.4798380256627075e-06,0.998066683673416,5.970584263976177e-07,0.0011861577423772326,0.0007262826828269328,5.444480209806419e-06,1.135452471807265e-05
00_01_00_08_08_00_00,57,777.62,780.9201,disgust,3,2.4064339075186584e-05,0.9459222171524514,8.9064171102457e-06,0.04825724822678142,0.004405682301737364,1.7623301236474974e-05,0.0013642582616079878
00_01_00_08_08_00_00,59,803.8255,804.8231,disgust,3,4.630447969973184e-05,0.783248382776842,1.9212862644238362e-05,0.04821461068774555,0.1668854346293966,0.0015660626729540538,1.999189071787278e-05
00_01_00_08_08_00_00,61,824.9248,828.2209,disgust,3,1.222761251085012e-05,0.9966146649121531,4.101024580588259e-06,0.0007136559263459639,0.002611132132151952,1.9807534964780792e-05,2.4410857292798547e-05
00_01_00_08_08_00_00,63,852.1293,853.0256,happy,3,8.271071612306643e-06,0.10329178124151558,2.137372350033234e-06,0.8959311193726659,0.0002933308391141744,0.00047196519996832887,1.3949027737383076e-06
00_01_00_08_08_00_00,65,873.0292,874.0257,disgust,3,3.695469101578114e-05,0.5628921472530565,1.0324586469107747e-05,0.42949736843090364,0.005949425103411834,0.0016050395219982551,8.740413144803934e-06
00_02_00_05_08_00_00,1,29.9119,39.3198,neutral,3,0.00014428678682406012,0.582208252488389,4.725827175429519e-05,0.0004761366224644885,0.41265527946497776,0.004225866718884585,0.00024291964670607126
00_02_00_05_08_00_00,3,60.613,73.3156,disgust,3,0.017216103311318433,0.794141159970784,9.492283254879584e-06,0.002782750038497356,0.16506956598332317,0.015670430849436538,0.005110497563385516
00_02_00_05_08_00_00,5,93.9131,129.4159,disgust,3,0.00431181891507805,0.3012455541058509,3.221517418846602e-05,0.16968229272692337,0.5208126068783114,0.0013494248236490083,0.002566087375998854
00_02_00_05_08_00_00,7,149.8175,154.3175,disgust,3,8.473196831589943e-05,0.09691201821468175,1.9193096523557795e-06,0.04381616652015836,0.8571608700114123,0.0019982888567160978,2.6005119063290832e-05
00_02_00_05_08_00_00,9,170.6139,194.8137,disgust,3,0.000495267411871445,0.4705596856766711,7.145641630556306e-06,0.19943981803754873,0.32906083198976765,0.00034205335843839316,9.519788407207785e-05
00_02_00_05_08_00_00,11,216.117,219.2186,happy,3,0.0004087918495790715,0.1189625109711504,5.624757655924059e-05,0.4974873520309884,0.38088110756315896,0.002059758291735884,0.00014423171682811803
00_02_00_05_08_00_00,13,236.517,237.716,neutral,3,0.0016325459110146405,0.3064802807923932,0.0004995927017107862,0.0032589113177338503,0.6735312926343465,0.009276864629269776,0.00532051201353119
00_02_00_05_08_00_00,15,252.9185,262.4186,disgust,3,4.163496456324901e-06,0.999217158942018,8.456055396442388e-07,0.0006622989340982266,9.411425955005734e-05,5.796590585797797e-06,1.562217175187767e-05
00_02_00_05_08_00_00,17,284.0161,286.5173,neutral,3,0.012781312504453525,0.343753561797003,0.00022184446435404885,0.005927995417142202,0.6312399753291758,0.002768284569917822,0.003307025917953706
00_02_00_05_08_00_00,19,307.2218,309.5201,happy,3,3.4337623807393605e-05,0.28128289854927385,7.340241270681727e-05,0.666705789572736,0.051520143297145875,0.00036836973059166573,1.5058813738576012e-05
00_02_00_05_08_00_00,21,334.4196,336.4236,neutral,3,0.0008215399971238381,0.28036431706204207,0.000729320390380798,0.14349656517355772,0.5668587856531857,0.0001487500516549042,0.00758072167205506
00_02_00_05_08_00_00,23,352.1234,354.7193,neutral,3,0.0006920099250085439,0.2106358095792391,6.853300113311976e-05,0.004524958635029467,0.7764481604253617,0.005890453152150462,0.0017400752820775176
00_02_00_05_08_00_00,25,373.0235,388.5247,disgust,3,0.0003866074860099796,0.7261214430520215,7.361109915430189e-06,0.2730259103721022,0.00022797253865073123,6.863915686007245e-05,0.00016206628443991736
00_02_00_05_08_00_00,27,407.9206,413.1226,neutral,3,0.0008560952722283972,0.6724356819733877,5.05743771473947e-05,0.0002840387446029624,0.08819741208405096,0.15374751926786254,0.08442867828072001
00_02_00_05_08_00_00,29,437.1233,439.7204,neutral,3,0.03418525035969816,0.012162396603581555,0.00012165663586137556,0.4058422293525039,0.5092669199096449,0.007218981790020051,0.03120256534869006
00_02_00_05_08_00_00,31,463.2285,466.8231,neutral,3,0.1834251419052725,0.3378994450473306,0.0005005840815085651,0.13521752212909793,0.26914718869184884,0.006639398130628421,0.06717072001431328
00_02_00_05_08_00_00,33,480.6214,490.1261,disgust,3,0.0006931293906093705,0.6814587367337178,0.0003924456798131988,0.011994021018318165,0.20341602360007582,0.007619206774598273,0.0944264368028675
00_02_00_05_08_00_00,35,515.1223,516.7295,happy,3,0.00017589103541749485,0.3386269274665597,7.794099058294353e-05,0.6606920529063874,0.0003615533038892853,3.8874930418913546e-05,2.675936674410166e-05
00_02_00_05_08_00_00,37,541.3265,542.5262,happy,3,9.656028571589041e-05,0.2699338574321455,1.5638719154670624e-05,0.726240125340832,0.003392474157054992,1.5123474784636325e-05,0.0003062205903124497
00_02_00_05_08_00_00,39,562.8293,565.3234,disgust,3,6.490771211351516e-05,0.658648355914769,1.0287679447290197e-05,0.332840774456317,0.00767393941021618,0.00046764234156222094,0.0002940924855745884
00_02_00_05_08_00_00,41,586.9217,587.8275,neutral,3,0.020974172061913036,0.22283095181562837,0.00016267575680646652,0.002631714772956812,0.7442871343568088,0.008127708637221131,0.0009856425986653338
00_02_00_05_08_00_00,43,605.7319,609.7234,disgust,3,0.003647160690820154,0.7103124585361513,4.563517090576357e-05,0.0019091290569578667,0.27239005129635835,0.0005126301959835279,0.011182935052823043
00_02_00_05_08_00_00,45,635.7301,643.331,disgust,3,0.08969914621627081,0.7364168243154045,4.591134531550702e-05,0.046821247445134544,0.12210022000322848,0.0012951818438260326,0.0036214688308201758
00_02_00_05_08_00_00,47,670.3264,673.5299,disgust,3,0.005088075379282514,0.9938327393944456,3.9626291229004525e-05,4.646412692498452e-05,0.00033603816960242735,9.93728440881591e-05,0.0005576837944271511
00_02_00_05_08_00_00,49,696.1301,699.7316,neutral,3,0.00010877764928583311,0.6129350512753973,2.73345684900472e-05,0.001811157640618102,0.3794110353223331,0.0014053781197758718,0.004301265424099652
00_02_00_05_08_00_00,51,712.233,713.5274,neutral,3,0.0017436193698473165,0.194750838681698,0.0008479758203240283,0.0011676375917634302,0.7966062408896295,0.0018417437707716631,0.0030419438759659826
00_02_00_05_08_00_00,53,749.6347,750.7325,neutral,3,0.0021922297748679528,0.08521281296681443,9.298510549934893e-05,0.0045006019171235446,0.8798903646251718,0.02309162271999983,0.005019382890523037
00_02_00_05_08_00_00,55,771.8338,787.3328,disgust,3,0.00019655262272484672,0.10238667885707028,2.279246731860718e-06,0.6844108518616364,0.21109377337135704,0.001876510009280165,3.3354031199394305e-05
00_02_00_05_08_00_00,57,839.529,843.6291,surprise,3,0.020459477707844058,0.6535529103722119,2.3644706699744032e-05,0.0010569516457923855,0.3142699994417505,0.003491353315328172,0.007145662810373302
00_02_00_05_08_00_00,59,862.9309,866.3315,disgust,3,0.0007785433114923121,0.721058422904743,9.99286370851462e-06,0.2719965220658356,0.005864144184778292,9.448599773849187e-05,0.00019788867170390188
00_02_00_05_08_00_00,61,885.1365,886.1353,surprise,3,0.8181548816081368,0.06860522810170633,0.0021488656515947276,0.0006494586348919914,7.55999853539373e-05,0.004602373220402012,0.10576359279791425
00_02_00_05_08_00_00,63,907.8286,913.0302,disgust,3,1.0485157797116188e-05,0.9916806839920481,7.045966308904156e-06,0.0069693982438887745,0.0012160829186394838,7.538521507973103e-05,4.091850623772648e-05
00_02_00_05_08_00_00,65,951.1307,953.7336,neutral,0,0.0,0.0,0.0,0.0,1.0,0.0,0.0
00_02_03_06_08_01_00,1,30.5042,34.2086,neutral,3,3.275378543012495e-05,0.0502596812524916,0.00017144554470042167,0.03484253820379312,0.9145408750961573,0.00013739054485753272,1.531557256993943e-05
00_02_03_06_08_01_00,3,48.5046,53.0042,neutral,3,2.499765104085562e-05,0.0013566132279367856,0.00023890765019312515,0.3232199443332672,0.6748379507938868,0.0003070115033009825,1.4574840374234981e-05
00_02_03_06_08_01_00,5,67.1063,71.0093,neutral,3,5.642695005922852e-05,0.0007058510112849258,0.00018050137987694843,0.420621736064019,0.5781389813464871,0.000289562454194583,6.940794078226546e-06
00_02_03_06_08_01_00,7,89.4103,95.7081,happy,3,3.300485541069432e-05,0.02817171840385374,0.00020935487433758205,0.6706080298650643,0.3004976463732966,0.00046547150446538945,1.4774123571637296e-05
00_02_03_06_08_01_00,9,114.7055,118.8116,neutral,3,5.0779022718225036e-05,0.001286573435509788,0.0003656600966941587,0.2931924294709682,0.704641438234953,0.0004541503769276044,8.969362229231251e-06
00_02_03_06_08_01_00,11,134.0033,136.2079,happy,3,2.984934109013611e-06,0.0016177366647988705,3.7803646212997545e-05,0.9964553855874132,0.0018032702273583499,8.178452317351554e-05,1.0344169340790343e-06
00_02_03_06_08_01_00,13,154.3085,156.9066,happy,3,3.667280203048126e-05,0.004452634326562702,0.0001894629350812607,0.6641190564576832,0.3306334496674358,0.0005580119753545068,1.0711835852130582e-05
00_02_03_06_08_01_00,15,176.203,182.108,neutral,3,2.0772467986683887e-05,0.0008568554936070015,0.0003944186229883881,0.9980294021412414,0.0002861689847016549,0.00040576672684145085,6.615562633438299e-06
00_02_03_06_08_01_00,17,199.9112,202.7063,happy,3,6.253390704682916e-05,0.00035162148968599107,0.0003547067940857452,0.9948042616506246,0.003832717879317577,0.000588420240063948,5.738039175231086e-06
00_02_03_06_08_01_00,19,223.4098,228.7033,neutral,3,0.00017644347477772056,0.010476084398893741,0.00010962916557126654,0.36025793404602086,0.6288371510203813,0.00011760421440991447,2.5153679945212765e-05
00_02_03_06_08_01_00,21,245.7121,252.1043,neutral,3,0.0001360263048191699,0.004182599646879633,0.0007070234566324367,0.1665543665088875,0.8269640783733567,0.001446062127158097,9.843582266577932e-06
00_02_03_06_08_01_00,23,271.2059,276.4074,neutral,3,0.0005421886666060621,0.24712187718970685,0.001468242149101996,0.10754149003325936,0.6392186539348947,0.004026793370327241,8.075465610367654e-05
00_02_03_06_08_01_00,25,296.007,298.1058,neutral,3,0.0011219110774880394,0.006987653952626891,0.0011254268200942413,0.5841127048990912,0.4053302773725085,0.0011019509145026006,0.00022007496368854675
00_02_03_06_08_01_00,27,313.4071,317.6122,neutral,3,0.0002619804627514124,0.002068622676661602,0.00023795914200692642,0.029430079398395217,0.9667384738315191,0.0012550397272891019,7.844761376716175e-06
00_02_03_06_08_01_00,29,341.0141,345.8138,happy,3,4.641208863050761e-05,0.2824515236593935,8.552370073507373e-05,0.6663456307814598,0.05068604594741901,0.00036652841848721084,1.8335403874819435e-05
00_02_03_06_08_01_00,31,366.1107,367.505,happy,3,4.516794213603673e-06,0.00019045191453597547,8.01584487603654e-06,0.6672725859601398,0.3325102878079267,1.2337155809292415e-05,1.8045224985618472e-06
00_02_03_06_08_01_00,33,384.7074,386.3076,neutral,3,0.000140514640271696,0.03471519318104513,0.00017918212139834294,0.28304417885921146,0.6816646813808662,0.00024123581352319268,1.501400368398584e-05
00_02_03_06_08_01_00,35,407.0144,414.6099,happy,3,7.026109310872259e-05,0.003063733874275219,0.0006725341245161838,0.845335322351104,0.14950040416040572,0.0013447307294940747,1.3013667096137123e-05
00_02_03_06_08_01_00,37,435.411,439.0089,neutral,3,2.6012510875960538e-05,0.0008894626635271778,9.482319719479472e-05,0.33184570186286466,0.6668510714938017,0.00024377907268706956,4.9149199048494396e-05
00_02_03_06_08_01_00,39,462.3063,464.2087,neutral,3,6.177466831064715e-05,0.0033222918979892084,0.00015747645003389902,0.0632580227346365,0.9329779071577781,0.0001938356735250563,2.8691417726729834e-05
00_02_03_06_08_01_00,41,477.5134,484.8124,neutral,3,0.00018115226373338413,0.02268727840190404,0.0011089117664173707,0.35314281580227946,0.6210604375926188,0.0013962934480329162,0.00042311072501398904
00_02_03_06_08_01_00,43,509.0113,509.7125,neutral,3,4.266128519010942e-05,0.0009516107594123294,6.0614463490979896e-05,0.0023054841202848064,0.996599635710588,3.491798265563501e-05,5.0756783781122815e-06
00_02_05_04_07_00_00,1,30.2945,41.4933,neutral,3,0.004540829959901908,0.0058211750617221955,0.004501178437982472,0.7394122836713578,0.19230489035187973,0.0011067723217131134,0.05231287019544271
00_02_05_04_07_00_00,3,54.5962,79.4957,happy,3,0.0013184225921690934,0.0006684803506854994,0.0015331375128080841,0.9188490394133247,0.009537052420090982,0.00021312786863088737,0.06788073984229073
00_02_05_04_07_00_00,5,32.3304,55.1271,happy,3,0.0006542082487039995,0.000687737592839836,0.006975841713141389,0.44541250735321014,0.004348644641249813,9.265654350492171e-05,0.5418284039073499
00_02_05_04_07_00_00,7,73.0357,92.8296,happy,3,0.0002933204808614364,0.0002810535547305534,0.0006658083495627835,0.9140848859192243,0.023680588402981626,0.00023952414121448045,0.060754819151424666
00_02_05_04_07_00_00,9,110.128,130.229,surprise,3,0.002420706583201909,0.0009366750164592683,0.0004563649006344283,0.739819542741151,0.0033550604733940644,0.0001828250766578225,0.2528288252085014
00_02_05_04_07_00_00,11,149.036,165.4314,happy,3,0.0010081647083193578,0.001085265414752788,0.0018372224560826546,0.5757045104985333,0.014846851499168538,0.0003363480005844803,0.4051816374225588
00_02_05_04_07_00_00,13,185.2367,204.2379,happy,3,0.0018680369983309574,0.0006999897149909917,0.05541086060920051,0.4438498175294732,0.03744875381151902,0.0008447870057748527,0.45987775433071043
00_02_05_04_07_00_00,15,220.3302,228.4324,happy,3,0.014716981714350676,0.03741216076976448,0.011916328329220372,0.7235841873775084,0.05041212667532838,0.0008319730996462859,0.16112624203418152
00_02_05_04_07_00_00,17,246.2409,256.1329,surprise,3,0.016044066114636178,0.023954213791522967,0.008321428192356718,0.24665541870371008,0.07912234537981411,0.0014967556211273076,0.6244057721968327
00_02_05_04_07_00_00,19,268.6333,286.1336,happy,3,0.007306697466049025,0.003491055355268972,0.011504977162397366,0.41481412936312473,0.029743537919876443,0.0006137306819769755,0.5325258720513065
00_02_05_04_07_00_00,21,301.4394,318.6379,happy,3,0.005899699601230031,0.0014246512657881889,0.004030553938982903,0.7576020917220869,0.09261076741181098,0.0001432990001291668,0.13828893705997178
00_02_05_04_07_00_00,23,337.534,351.7387,happy,3,0.0006534547225897975,0.000905048949800368,0.0019356237776331205,0.4292319426822251,0.0037830573514627177,0.00012238888650364262,0.5633684836297853
00_02_05_04_07_00_00,25,366.9355,379.1345,happy,3,0.008273895267484177,0.003024546092701108,0.005116844282857773,0.8665743950539953,0.04477699100820399,0.0001738501910909596,0.07205947810366675
00_02_05_04_07_00_00,27,392.1353,407.4356,happy,3,0.003040329289429579,0.0018416441906661377,0.004703870825226738,0.7751590555434442,0.209470876885554,0.0023974582596539315,0.0033867650060254695
00_02_05_04_07_00_00,29,429.0396,444.1378,happy,3,0.0025411423673313686,0.0010405067213734712,0.0007418417492644219,0.6776022315326259,0.0007490890640716204,0.00013734285715556887,0.31718784570817765
00_02_05_04_07_00_00,31,462.24,479.3385,happy,3,0.0020678758622249467,0.00045830728356371995,0.004296085894207808,0.823462028014488,0.0019799256368040565,0.00017379915059740112,0.16756197815811416
00_02_05_04_07_00_00,33,495.6374,511.1387,happy,3,0.00238920108303341,0.0025702572193510953,0.034592691706594444,0.4577569248418955,0.006425356948031942,0.0005318142701721764,0.49573375393092145
00_02_05_04_07_00_00,35,531.6459,548.147,happy,3,0.0011520980630293982,0.0008471614666055382,0.00888688488302789,0.6932203276475527,0.0032990531391653417,0.0012587031724538007,0.29133577162816515
00_02_05_04_07_00_00,37,565.148,575.8428,happy,3,0.0002235602142186417,0.00036187564959569847,0.0013580945600631079,0.7022643653099617,0.003029582149152438,0.0001972384929178082,0.2925652836240907
00_02_05_04_07_00_00,39,594.5424,614.7413,happy,3,0.0013452902225204676,0.00042157739585528157,0.008483515930281396,0.8108982655619296,0.016144164087930474,0.00022830371903156808,0.1624788830824513
00_02_05_04_07_00_00,41,636.4423,649.7495,happy,3,0.0013944832612462481,0.0018433489585741477,0.018266438431669637,0.39775985193635544,0.012676101862255665,0.0021430239316789753,0.56591675161822
00_02_05_04_07_00_00,43,666.6475,685.6527,happy,3,0.008408298531622647,0.0007617734675552085,0.011802858462440209,0.9580895182788104,0.0007858562607199977,0.0018911931981689086,0.018260501800682484
00_02_05_04_07_00_00,45,706.9513,710.4511,happy,3,0.02771007448594337,0.023922813153585402,0.00861467417742862,0.6058923216110628,0.025486856322932454,0.002671940823626021,0.30570131942542145
00_02_05_04_07_00_00,47,729.3501,743.8475,happy,3,8.609912611319441e-05,0.000131194023934384,0.001955972461192611,0.5744684298059364,0.0020724983787686127,0.0005985036054024179,0.42068730259865245
00_02_05_04_07_00_00,49,765.5543,775.2507,happy,3,0.006594205015980538,0.0014053382262196007,0.005399453924843231,0.9144591870427226,0.02383274329705845,0.00022436932246928538,0.04808470317070621
00_02_05_04_07_00_00,51,792.9546,796.5525,happy,3,0.05212131169808985,0.002456575557820023,0.013982773986378181,0.7936710778129425,0.009648639949073605,0.0006541329079168153,0.1274654880877791
00_02_05_04_07_00_00,53,813.8553,829.8474,happy,3,0.006692262959492186,0.001433961403102004,0.0025463769611536514,0.6434284607033572,0.009743131398687306,0.00026142204616409905,0.3358943845280435
00_02_05_04_07_00_00,55,847.2535,863.1546,happy,3,0.0005253013687120624,0.0005970505238989237,0.0005983383490334399,0.9521916402325417,0.0075039609960153375,0.0004551551822214922,0.038128553347577115
00_02_05_04_07_00_00,57,884.7574,901.1553,happy,3,0.026098814649146974,0.002779128080189985,0.015555828382811691,0.616749839004365,0.0043514849650036535,0.0005725374488917102,0.33389236746959106
00_02_05_04_07_00_00,59,923.6539,941.3567,happy,3,0.02506064804103407,0.00175415387498205,0.008124979218095489,0.546306566155607,0.009005362719349404,0.0017993471793194401,0.4079489428116126
00_02_05_04_07_00_00,61,968.6541,985.6613,happy,3,0.0019482849346883983,0.000403915158994039,0.00879566036134446,0.3545720427815454,0.003753846578082089,0.00024946512932690946,0.6302767850560187
00_02_05_04_07_00_00,63,1005.5594,1016.0513,happy,3,0.0020032097855507375,0.0013726311993944845,0.0037889496049308105,0.9459505060389353,0.013225491640212476,0.0031307486649307372,0.030528463066045522
00_02_05_04_07_00_00,65,1034.3517,1052.1578,happy,3,0.0001172570215585358,5.637915168085654e-05,0.0007836069840767665,0.8666806468075131,0.002000653641523986,0.0001167097116001263,0.13024474668204666
00_02_05_04_07_00_00,67,1067.1544,1091.4534,happy,3,0.000914837404647667,0.00029960691395461284,0.005168354149846959,0.8738593211780601,0.0031169056651372553,0.0001354462164180639,0.11650552847193528
00_02_05_04_07_00_00,69,1111.9617,1113.8624,happy,3,0.00037561249837480816,0.0002595940393820709,0.0009100904984087557,0.3475540953727384,0.00020046467422550645,0.0002865515309138011,0.6504135913859567
00_02_05_04_07_00_00,71,1126.0584,1129.3592,happy,3,0.00019361268432000245,0.0011188917457529977,0.0024656883518302075,0.6409321432445676,0.0010177157408931203,5.458544252792276e-05,0.35421736279010824
00_02_05_05_07_00_00,0,34.76,54.08,neutral,3,0.2410575975937435,0.09780043822661659,0.001083273136206118,0.008967474535948436,0.299159177804639,0.0009371044922483255,0.3509949342105979
00_02_05_05_07_00_00,2,64.486,87.13,neutral,3,0.5539959633894345,0.033657420113569606,0.002976625301477038,0.03787443471737061,0.3244194606062476,0.0003902728351422778,0.04668582303675831
00_02_05_05_07_00_00,4,105.099,115.9,neutral,3,0.26696164582364973,0.04046563572328172,0.0029146102039526956,0.0013027424602974843,0.04138731172484619,0.001659980367283273,0.645308073696689
00_02_05_05_07_00_00,6,147.456,177.017,neutral,3,0.41246713295937776,0.08144811956372763,0.0013613408664769702,0.23742103825934155,0.03476522048138878,0.0005795731752714908,0.23195757469441577
00_02_05_05_07_00_00,8,190.76,215.76,neutral,3,0.2009650371612886,0.03703186393681674,0.00017698550161265086,0.015229099026445814,0.41391886940262357,0.0013098498264758232,0.33136829514473665
00_02_05_05_07_00_00,10,230.844,247.578,neutral,3,0.23026826067178877,0.030349217729763383,0.004761199163868968,0.08519251035451186,0.5490761707357507,0.002123415488578574,0.09822922585573775
00_02_05_05_07_00_00,12,281.76,292.617,neutral,3,0.5319912017177987,0.035643094513604034,0.001505311041906982,0.06043183179243215,0.19142645937864164,0.0016426929740551298,0.17735940858156152
00_02_05_05_07_00_00,14,310.093,339.72,neutral,3,0.2873637366501084,0.03560546211740038,0.002038615481923868,0.23438888911546357,0.1715685636114659,0.0008722231596041999,0.2681625098640338
00_02_05_05_07_00_00,16,354.76,373.76,neutral,3,0.4389479572346872,0.20242212291702727,0.017600257994355738,0.008521157732222416,0.09165675188613845,0.0013601718590922258,0.23949158037647658
00_02_05_05_07_00_00,18,409.76,429.76,neutral,3,0.17947841174607632,0.010950344024853014,0.0018984944167838931,0.2345398650395858,0.14893619433014013,0.0028837426729489313,0.4213129477696121
00_02_05_05_07_00_00,20,447.76,477.6,neutral,3,0.3032414080283981,0.0009243763073640561,0.0002434124164404569,0.00023570177305548483,0.6341984957072624,0.00210411102645081,0.059052494741028805
00_02_05_05_07_00_00,22,505.923,537.017,neutral,3,0.4722933299919707,0.016573909957014993,0.0009730136060174429,0.007628017614813453,0.09529649939829261,0.0009574286184036204,0.4062778008134873
00_02_05_05_07_00_00,24,574.52,609.785,neutral,3,0.13817648643256908,0.04952538666140689,0.003312965620555453,0.07426905167444708,0.501710793862868,0.000973992117919779,0.2320313236302337
00_02_05_05_07_00_00,26,630.251,656.989,neutral,3,0.038389743516323516,0.004835082128451762,3.261477410132339e-05,0.0009682817821605063,0.9441076843920572,0.008241924079196088,0.0034246693277095665
00_02_05_05_07_00_00,28,681.643,715.473,neutral,3,0.2896432624128663,0.05167218509434956,0.001226668114619516,0.11503244279848981,0.497964407282752,0.005592157757452991,0.03886887653946971
00_02_05_05_07_00_00,30,748.199,775.799,neutral,3,0.02121412972790061,0.0020351445299302247,0.0001281498035976247,0.3311674048049006,0.34906939817469756,0.0021045450323921387,0.29428122792658123
00_02_05_05_07_00_00,32,794.12,831.868,neutral,3,0.8263428082593617,0.08235244592430237,0.0007569645110388487,0.007848135156456637,0.06955794807778416,0.0028838424883140825,0.010257855582742286
00_02_05_05_07_00_00,34,853.616,877.853,neutral,3,0.2867573460665353,0.13618951680562183,0.00028966106442297675,0.029449668313874463,0.460355064035234,0.030195543242418757,0.05676320047189271
00_02_05_05_07_00_00,36,932.723,963.31,neutral,3,0.6228757414893678,0.013239990858494113,0.0003462301731657867,0.19982985150394875,0.15356778335153407,0.0034871074272644614,0.006653295196225205
00_02_05_05_07_00_00,38,998.194,1017.62,neutral,3,0.5466338061299109,0.031598158303049025,0.0004535059888803878,0.005181423273312938,0.38631294468168687,0.001424628048804554,0.028395533574355397
00_02_05_05_07_00_00,40,1042.543,1072.65,neutral,3,0.42484546576962845,0.057446805153158254,0.0005051293738794945,0.02610959384222896,0.4582131637673463,0.004631379530346773,0.028248462563411594
00_02_05_05_07_00_00,42,1132.574,1161.728,neutral,3,0.49065967366606356,0.033153580709285126,0.00037753974567463654,0.07242116857378417,0.061880354432515876,0.0013951902730544626,0.3401124925996221
00_02_05_05_07_00_00,44,1195.68,1214.916,neutral,3,0.32422113075188735,0.05327278718992254,0.0012150002017257736,0.4135240059217348,0.03003485228096633,0.0020896883414621183,0.17564253531230106
00_02_05_05_07_00_00,46,1248.634,1279.94,neutral,3,0.6402059475189021,0.05080172702047298,0.0004036206670095031,0.05015253757102072,0.19468817214456483,0.007722154167863036,0.0560258409101668
00_02_05_05_07_00_00,48,1322.162,1353.458,neutral,3,0.20547540250486412,0.020181230401290832,0.0003817883239646938,0.11575756797307082,0.4175424011548795,0.03502594111719426,0.20563566852473575
00_02_05_05_07_00_00,50,1409.345,1445.24,neutral,3,0.5183795915375443,0.005805115710433512,0.0024651620009020782,0.276772066639931,0.05675645087729643,0.010862820778372159,0.12895879245552053
00_02_05_05_07_00_00,52,1473.62,1483.348,neutral,3,0.4521856080894371,0.04543503383046918,0.00042698249735433584,0.0772989374914554,0.13652787843375291,0.0043738563746109705,0.2837517032829201
00_02_05_05_07_00_00,54,1525.094,1550.536,neutral,3,0.3072193713539914,0.014561408118295769,0.002635131054487507,0.06107112108009416,0.3481885619476762,0.0008564705877965967,0.26546793585765843
00_02_05_05_07_00_00,56,1591.178,1640.817,neutral,3,0.6674547957308075,0.010161302233258446,0.002443049924652178,0.03293757548627138,0.2835022204635422,0.0006521471118259263,0.0028489090496425554
00_02_05_05_07_00_00,58,1677.18,1693.474,neutral,3,0.6414238553045999,0.014760708615367046,0.0013329113684802164,0.001602132552484455,0.32069545403034927,0.000456512620154931,0.01972842550856422
00_02_05_05_07_00_01,0,29.792,43.417,sad,3,0.00990705076327666,0.044685512172016335,0.002128896274693063,0.28242948188956835,0.40463500315873036,0.2509906809143278,0.005223374827387498
00_02_05_05_07_00_01,2,57.345,85.545,sad,2,0.001962503312525454,0.0027738349268276222,0.0003959418832256678,0.00047610775416454703,0.49308469468443183,0.49365941008895314,0.007647507349871698
00_02_05_05_07_00_01,4,92.672,108.386,sad,3,0.001976785460650318,0.0034760749447192807,0.00014596048311575516,0.00035093677078689605,0.5874665992990533,0.40539128324262397,0.0011923597990506063
00_02_05_05_07_00_01,6,143.412,155.487,happy,2,0.0013630578144271255,0.0008910895386285969,0.0002109134848041888,0.0004622625519477191,0.9155794877405325,0.06887648775575303,0.01261670111390675
00_02_05_05_07_00_01,8,177.295,194.205,happy,2,0.00028851955808309823,0.0076845992334032024,5.735873263320722e-05,0.00033047655749529105,0.28596935355506403,0.7056153526806626,5.433968265867998e-05
00_02_05_05_07_00_01,10,221.667,237.197,neutral,3,0.0025063302214242368,0.2920314327490534,0.00011576940910956199,0.0007913129929519384,0.5071426991258747,0.19482483033171744,0.002587625169868598
00_02_05_05_07_00_01,12,274.158,294.518,neutral,1,0.008706736281573153,0.007723829157461217,0.0002379400512758555,0.0017326997866070795,0.9079946178577973,0.0590119541581206,0.014592222707164792
00_02_05_05_07_00_01,14,323.171,345.848,happy,3,0.00016328763821341058,0.00013316437300974878,1.2512966737304922e-05,5.953520366512399e-05,0.9110293471533086,0.0878954134755232,0.0007067391895426289
00_02_05_05_07_00_01,16,376.59,389.58,sad,2,0.0006661692547229958,0.008170797800789158,4.268268241259615e-05,8.783915224777744e-05,0.6771916240124687,0.31284755507359857,0.0009933320237601594
00_02_05_05_07_00_01,18,434.694,450.58,sad,2,0.001043358693895128,0.0005906073849244923,0.0004897780765027894,0.0020879797954607825,0.5795677982986995,0.41346064590829545,0.0027598318422218508
00_02_05_05_07_00_01,20,473.58,493.319,sad,3,0.0006352412730878894,0.0005010638196173476,0.00010556657006944763,0.000401821024563009,0.9702537317713336,0.007537527616801907,0.020565047924526823
00_02_05_05_07_00_01,22,517.58,520.58,sad,3,0.0036701953994434395,0.0014242032189773141,0.00010188308942468859,0.0003571388369085703,0.7872329658113011,0.20445006862163068,0.002763545022314168
00_02_05_05_07_00_01,24,554.45,576.889,sad,3,0.011411453546863362,0.011040302937980221,6.420930442676988e-05,0.0002394824918373476,0.3071210619098865,0.6697799244657895,0.00034356534321628584
00_02_05_05_07_00_01,26,599.58,603.763,sad,3,0.0004043546668758652,0.000529713940463353,8.986495163639706e-05,0.001193183727165527,0.6982602324995824,0.2990269452100896,0.0004957050041869021
00_02_05_05_07_00_01,28,626.456,648.58,sad,3,0.05961546666719425,0.023729176477209814,0.00044244100151940164,0.0012785703603823818,0.4222249725272729,0.22453958746189298,0.26816978550452825
00_02_05_05_07_00_01,30,695.68,727.417,neutral,3,0.0006515496855173704,0.0008777671828129496,0.0007338031023650187,0.0004311525117083624,0.3194615309515465,0.335853676147202,0.3419905204188478
00_02_05_05_07_00_01,32,756.75,791.118,neutral,3,0.0063058102006199185,0.002018020245628272,0.00020281127260944734,0.00023400084742635036,0.24569645191963294,0.7447805352120784,0.000762370302004647
00_02_05_05_07_00_01,34,821.27,851.031,sad,3,0.006337712711968614,0.005314039523182975,9.431859612905995e-05,0.0004236663703996715,0.46385578236669667,0.5168305030738016,0.0071439773578214705
00_02_05_05_07_00_01,36,902.58,933.319,neutral,3,0.0010254346884839454,0.0008833240840998923,4.034291649042662e-05,0.0005368212834747079,0.8914189432931389,0.1052483651467933,0.0008467685875188688
00_02_05_05_07_00_01,38,965.959,987.003,sad,3,0.0011367640114095458,0.0007257276666545446,0.0003280325357493063,0.0005544846067502794,0.5307785383157789,0.41314695834638765,0.05332949451726973
00_02_05_05_07_00_01,40,1021.484,1048.231,neutral,3,0.002282337027635779,0.00030255736023898703,4.1960889631111845e-05,0.0012421169856204088,0.65556954858646,0.3346869414046834,0.005874537745730415
00_02_05_05_07_00_01,42,1107.566,1134.82,neutral,3,0.0005169061471218909,0.00030998871862661056,0.00014751731188327878,0.00019406476443424597,0.46252446001906655,0.5327113262579813,0.0035957367808859843
00_02_05_05_07_00_01,44,1163.887,1180.784,sad,3,0.0006734134480296057,0.0005369720896656754,3.795589378793598e-05,0.0007150342964436829,0.823337672224687,0.17345282224835956,0.0012461297990266826
00_02_05_05_07_00_01,46,1214.52,1225.623,happy,3,0.011455168093979624,0.004130751540929153,2.8183401189362924e-05,0.015700756146590875,0.33599904511088163,0.3055685183766815,0.32711757732974794
00_02_05_05_07_00_01,48,1271.722,1303.98,sad,3,0.006134985936446239,0.0018865910951434723,5.822503918369044e-05,7.666940861530031e-05,0.51312561880556,0.4699237852176976,0.008794124497353692
00_02_05_05_07_00_01,50,1328.56,1348.534,neutral,3,0.0009824629910702284,0.0006219278243421863,0.00014640715113130946,0.0001937567684505179,0.5897735894409686,0.40657280476013197,0.0017090510639051386
00_02_05_05_07_00_01,52,1385.228,1414.901,neutral,3,0.007936375133845706,0.003296850361602016,0.0001459423143747958,0.006310331512500224,0.5831669906040943,0.3508136032405595,0.04832990683302337
00_02_05_05_07_00_01,54,1466.7,1490.885,sad,3,0.0008313420283291161,0.0008051149926683701,5.169303071128853e-06,0.0003055623771780611,0.6445753923052912,0.3531507080341173,0.0003267109593450346
00_02_05_05_07_00_01,56,1523.938,1546.064,neutral,3,0.0003762566932552704,0.0002923803800948874,0.00014914772373280334,0.0005421211333844971,0.2737761048884985,0.6444718261362572,0.08039216304477677
00_02_05_05_07_00_02,0,40.0,53.0,neutral,3,0.001500492292332489,0.07544405825527015,0.0004735210065224546,0.010217777391528805,0.7450598858278458,0.0019390153889064154,0.16536524983759393
00_02_05_05_07_00_02,2,65.3,82.479,neutral,3,0.0004659121576978752,0.014182658898134758,0.0017579612810099286,0.003932088150790472,0.38630606065541867,0.0018915062838927629,0.5914638125730556
00_02_05_05_07_00_02,4,98.69,125.765,neutral,3,0.003113611660744265,0.0022284434699455778,0.006480394296434219,0.0019206717912102571,0.6357110407845219,0.07861664294291304,0.27192919505423074
00_02_05_05_07_00_02,6,203.0,204.5,neutral,3,9.197089724170196e-05,0.001434967071198477,0.00014775372303858666,0.00022393061347016958,0.019315716972468033,0.0008364216216695918,0.9779492391009135
00_02_05_05_07_00_02,8,168.632,201.5,neutral,3,0.00020583537361058585,0.0029894528805516187,0.0006543611070199202,0.0023569920013744783,0.5820764552281936,0.0006863158550678035,0.4110305875541819
00_02_05_05_07_00_02,10,214.172,226.939,disgust,3,0.00018665316629574833,0.0037809128944614637,0.0020838753263803292,0.0007356839198317015,0.9903071460145532,0.0013436754282634877,0.0015620532502140152
00_02_05_05_07_00_02,12,228.5,230.549,happy,3,9.065961148447461e-05,0.000578021208528928,9.452960330954318e-05,0.3393009251530258,0.6580820856501773,0.0009284078763312568,0.000925370897142694
00_02_05_05_07_00_02,14,264.15,294.535,surprise,3,0.0007310605273050622,0.3194843991477888,0.0007624242822601456,0.24955464449551096,0.022796593405306414,0.0007163028625770247,0.4059545752792516
00_02_05_05_07_00_02,16,316.071,319.0,neutral,3,7.761580624891225e-05,0.0006456055946059484,0.0009934506938231024,0.23370867995676384,0.027217365384885065,0.05591364911157084,0.6814436334521023
00_02_05_05_07_00_02,18,354.021,378.802,neutral,3,0.0024904517826229177,0.4716143708924537,0.0025553743617164545,0.007514254979214883,0.1695684630554413,0.004608642418298006,0.34164844251025267
00_02_05_05_07_00_02,20,396.096,422.0,neutral,3,0.0030016223166693416,0.19457775307237402,0.006272615103073185,0.2296477442714013,0.5426290769870109,0.001508858513631113,0.02236232973584021
00_02_05_05_07_00_02,22,444.341,462.491,neutral,3,0.0003269799601618175,0.00789693668380577,0.0002827620476751868,0.000934089959402869,0.6114031765228582,0.0377476627335261,0.34140839209257007
00_02_05_05_07_00_02,24,507.087,539.0,disgust,3,0.002649929330285148,0.32267991934770285,0.004274697919356647,0.00719316808126042,0.3582510990440409,0.005208910703310444,0.2997422755740436
00_02_05_05_07_00_02,26,558.19,568.19,surprise,3,0.0011449735987552263,0.03363558555852525,0.0005949819791822686,0.009708190865124424,0.34847468798834,0.0039601808152621605,0.6024813991948107
00_02_05_05_07_00_02,28,589.0,592.093,neutral,3,0.0007715803113996941,0.0031935259837342117,0.003438473795343393,0.2201220455448008,0.4563635795411103,0.010206316806186083,0.3059044780174255
00_02_05_05_07_00_02,30,628.938,634.103,neutral,3,0.002730622924271739,0.02691977478788661,0.006041617877752225,0.0027642079678593104,0.7556452876100406,0.012710724701789093,0.1931877641304004
00_02_05_05_07_00_02,32,654.0,673.0,happy,3,0.0006318973747446763,0.3391726949295654,0.0006518292889158922,0.3058853285680755,0.014685515199762795,0.002195394465978178,0.33677734017295746
00_02_05_05_07_00_02,34,695.0,706.854,surprise,3,0.011531078652420791,0.04559472971785919,0.006747726506297142,0.07639967631619775,0.609258501273584,0.03620582465884346,0.21426246287479744
00_02_05_05_07_00_02,36,743.0,752.815,neutral,3,0.000509040998427832,0.002292030711932286,0.0013604705985587173,0.012178187682475125,0.6558412267044808,0.0008481410816668813,0.3269709022224585
00_02_05_05_07_00_02,38,773.933,796.5,neutral,3,0.005743941396085595,0.0368665736732035,0.0035335851721993864,0.06187418852094412,0.23956214826343908,0.001068240148172065,0.6513513228259562
00_02_05_05_07_00_02,40,816.675,828.192,neutral,3,0.0004421762924704204,0.032792206323455524,0.0013049855790830695,0.0007788114057821075,0.7111054514357167,0.0017113098742548454,0.2518650590892374
00_02_05_05_07_00_02,42,866.941,909.169,neutral,3,0.00048367352805969645,0.0010251073670300055,0.006659999112920788,0.0012240693901919494,0.015730844106362083,0.016398529683798426,0.958477776811637
00_02_05_05_07_00_02,44,925.84,944.0,neutral,3,0.000400443734728721,0.003854145047839617,0.0007852195480807834,0.000896751189670182,0.2831383047591564,0.03171245545955016,0.6792126802609741
00_02_05_05_07_00_02,46,973.327,1005.759,neutral,3,0.0012392542968853587,0.011983526126507365,0.00042530126031675047,0.0012774466089782131,0.1956705329695338,0.0005027479803030379,0.7889011907574754
00_02_05_05_07_00_02,48,1049.0,1058.0,disgust,3,0.00012822526105359325,0.001561292714213181,0.001736169676515729,0.0002542335793242391,0.1327903703783567,0.005521092945473089,0.8580086154450635
00_02_05_05_07_00_02,50,1078.2,1093.838,disgust,3,0.00550379802317733,0.02640945590426184,0.00824754998251723,0.06394208208587342,0.48286007787048735,0.003072271050359204,0.4099647650833237
00_02_05_05_07_00_02,52,1122.18,1129.41,disgust,3,0.0021356219582978468,0.027642037020283453,0.0013927829116779623,0.02843661949508169,0.6068043680408535,0.0019866068569229173,0.33160196371688266
00_02_05_05_07_00_02,54,1174.778,1226.6,neutral,3,4.197249516221068e-05,0.034437755164822816,0.00015520120053616406,0.0013299830795189546,0.0019016293779426582,0.0128333522305777,0.9493001064514395
00_02_05_05_07_00_02,56,1255.273,1284.234,neutral,3,0.0002598857993527594,0.00041776362871308586,0.00029782057317717474,0.0066981092791866675,0.43005745282284397,0.0010701249540956848,0.5611988429426307
00_02_05_05_07_00_02,58,1319.244,1354.917,neutral,3,0.0022316559800634028,0.2899348469293399,0.0021241889696108607,0.01597783711562373,0.1791541221034524,0.18022595915621273,0.330351389745697
00_02_05_05_07_00_03,1,32.334,38.422,neutral,3,0.00013251231810937754,0.0017511931554907406,2.200438563462138e-06,0.004405622627039913,0.9936421820321221,6.62173404561528e-06,5.966769462879112e-05
00_02_05_05_07_00_03,3,47.72,52.4,neutral,3,0.0004008879594080786,0.00020971386640256725,5.631888114911425e-06,0.1455376140746583,0.8537283439144252,6.2311393496618e-06,0.00011157715764115887
00_02_05_05_07_00_03,5,64.6,75.5,neutral,3,0.0009216271128681894,0.00042996436832400093,9.199341163869256e-06,0.0010175856254827352,0.9967325838012143,9.09339988712621e-06,0.0008799463510597825
00_02_05_05_07_00_03,7,100.664,110.219,neutral,3,0.0008256939864245638,0.0001669770507112674,4.078621490911304e-06,0.33476543323044267,0.664187320975698,1.6183800711049508e-06,4.8877755161588155e-05
00_02_05_05_07_00_03,9,130.34,143.509,neutral,3,0.0007954022794759084,0.024148995823591802,2.5900588833419262e-05,0.5653581604267317,0.4093487623873415,3.1285809380816597e-05,0.00029149268464476695
00_02_05_05_07_00_03,11,163.598,173.823,neutral,3,6.609231453883914e-05,0.00022165937263615267,1.0099740275662057e-06,0.0029133020621136866,0.9967567951808478,1.4442644699358764e-06,3.969683136616974e-05
00_02_05_05_07_00_03,13,207.308,221.183,happy,3,0.01188328136519875,0.10089017406326482,0.0003831725918054437,0.11606571445853059,0.7681234501953922,8.274439271119094e-05,0.0025714629330970216
00_02_05_05_07_00_03,15,236.859,249.6,neutral,3,0.0002484267968364259,0.003657169172623293,2.8087036396941927e-06,0.3274773779121797,0.6685048714567152,1.958099867586358e-05,8.97649593299053e-05
00_02_05_05_07_00_03,17,260.902,274.203,neutral,3,0.0158061216835321,0.06880917290866069,0.0004787701815219811,0.0012177662360353249,0.9110442490024654,0.00043698745852085687,0.0022069325292637127
00_02_05_05_07_00_03,19,313.142,334.749,neutral,3,0.0003297955309514502,0.0018712547512915194,1.3432451340762249e-06,0.06639223280331123,0.9313619787782149,2.6750196074639025e-05,1.6644695022042917e-05
00_02_05_05_07_00_03,21,366.333,386.135,neutral,3,0.00026756661240515275,0.0019372061887215225,2.4333199224866464e-06,0.1150759796033949,0.8825612351865689,7.589394030389425e-05,7.96851486831464e-05
00_02_05_05_07_00_03,23,388.047,396.939,neutral,3,8.468058080676383e-05,0.0005165535706094801,5.042374730285569e-07,0.0013102231667479012,0.9980342878791157,8.772791313753672e-06,4.4977773933315065e-05
00_02_05_05_07_00_03,25,420.526,433.95,neutral,3,0.0017580512664609207,0.005952902155017448,2.3833286141372665e-05,0.3070361677793435,0.6848110426899177,0.0003133891098558394,0.00010461371326313797
00_02_05_05_07_00_03,27,445.092,467.966,neutral,3,0.005432123397657116,0.0026597724427623163,3.17787695382864e-06,0.01646510349540522,0.9752460274876538,2.5114222140417945e-05,0.00016868107742722366
00_02_05_05_07_00_03,29,507.571,518.407,neutral,3,0.001954506079662611,0.010118097343892182,7.623424783109475e-06,0.07246284280801249,0.9152003344134318,0.00019942981289132775,5.716611732628378e-05
00_02_05_05_07_00_03,31,537.084,555.74,neutral,3,0.025407242650851352,0.001217322465485188,3.5919466955158276e-05,0.0035625914479315286,0.9679839676332197,1.8059768931083137e-05,0.001774896566626005
00_02_05_05_07_00_03,33,570.141,591.08,neutral,3,0.0023353005290195645,0.02212029001892151,1.846304002455417e-05,0.003177431840886616,0.9591907990321192,1.2990784004235592e-05,0.013144724755024238
00_02_05_05_07_00_03,35,608.789,619.109,neutral,3,0.0008271607849840124,0.0019399745000870687,4.008885021287863e-05,0.0002783375272490077,0.994355759455183,3.959694688616099e-05,0.0025190819353979967
00_02_05_05_07_00_03,37,654.589,668.499,neutral,3,3.404582293584089e-05,0.0006298703913075067,1.972324936643851e-06,1.052189313923787e-05,0.9992507479787576,5.2666619856699315e-06,6.757492693752087e-05
00_02_05_05_07_00_03,39,684.02,701.814,neutral,3,0.003600137557387056,0.0035879068529512414,3.054643752154737e-05,0.32657671429404883,0.6587511663182362,1.0527455305548656e-05,0.0074430010845497035
00_02_05_05_07_00_03,41,722.259,737.783,neutral,3,0.03558808978071294,0.17675986692948892,8.389313285740407e-05,0.0015584393048857976,0.7851922230398144,7.19465206944361e-05,0.0007455412915460518
00_02_05_05_07_00_03,43,769.827,792.091,neutral,3,0.0059152526841157235,0.0720899269957312,2.589456227370187e-05,0.33262798936728766,0.5889721243788287,6.535036222775096e-05,0.000303461649535215
00_02_05_05_07_00_03,45,813.222,822.934,neutral,3,0.01853305855411648,0.02315195930124759,2.8523614267955502e-05,0.3644488033934412,0.5930904782879025,5.938589052042194e-05,0.0006877909585038189
00_02_05_05_07_00_03,47,842.013,857.205,neutral,3,0.00694838559222811,0.0033624793251401854,2.4877718342978687e-06,0.0035573000932676187,0.985811647319871,3.546403057774573e-06,0.00031415349460093346
00_02_05_05_07_00_03,49,901.188,911.18,neutral,3,0.0003548517217527765,0.0004440582321536702,8.65226506842053e-07,0.0018904068034578194,0.9962787090753917,7.59314796867215e-05,0.0009551774610503932
00_02_05_05_07_00_03,51,928.615,937.859,neutral,3,0.03287716614923004,0.007624947299042744,1.6907305565238493e-05,0.004331962191208974,0.954842572230704,1.7037238634381667e-05,0.0002894075856145569
00_02_05_05_07_00_03,53,956.504,973.745,neutral,3,0.013437366934292705,0.02313485148070934,5.558397624143622e-05,0.002901491463108495,0.9595964860529718,4.419701109264178e-05,0.0008300230815836456
00_02_05_05_07_00_03,55,1016.87,1021.435,neutral,3,0.00034960608557463036,0.0004200390770367477,5.838681432190163e-05,0.00012906004243400717,0.9987641396545451,7.984462008882113e-05,0.00019892370599877075
00_02_05_05_07_00_03,57,1040.269,1047.921,neutral,3,0.005985725085634571,0.004103302827989853,0.000152873653759932,0.0021424476912839333,0.8887046519455299,0.00013461004263292983,0.09877638875316877
00_02_05_05_07_00_03,59,1069.904,1087.32,neutral,3,0.00024297434179042392,0.0008556374817813697,1.2335114007563072e-05,0.00025027150380788716,0.995547947962512,8.502401279612065e-05,0.0030058095833045964
00_03_02_04_07_01_00,1,32.5452,38.248,neutral,3,0.0020875577388660537,0.0056787862050198135,6.915109350882943e-05,0.0007452902810568413,0.8422346259882615,0.0011657042871112305,0.14801888440617567
00_03_02_04_07_01_00,3,49.4454,50.5526,neutral,3,0.0003249577606265421,1.4403661375931678e-05,1.5508228337310061e-06,1.7274603243406986e-05,0.9992733620231844,0.00034917108023074783,1.9280048505290582e-05
00_03_02_04_07_01_00,5,67.6491,70.7491,neutral,3,0.0006290547064423283,0.00044005884244256374,1.0683489615557371e-05,0.0006188850205439364,0.9980535811837856,0.00023241574698879377,1.5321010181185757e-05
00_03_02_04_07_01_00,7,88.5474,92.7488,neutral,3,0.00014115437724911674,0.0021747212855137443,4.102029587402878e-05,0.0003082224873264298,0.9969157201478382,0.00010362767375651205,0.0003155337324418884
00_03_02_04_07_01_00,9,104.3464,107.8532,neutral,3,1.5113550938670537e-05,2.434363582968941e-05,2.6515173383723023e-06,0.0005512607626312793,0.9993614352146677,2.660883303439124e-05,1.858648555997807e-05
00_03_02_04_07_01_00,11,123.5517,127.0512,neutral,3,5.4024071152307634e-05,0.0015006941949692603,4.32112975243831e-06,0.0010282543345697137,0.9972630808342104,0.00011225108105968897,3.7374354286105585e-05
00_03_02_04_07_01_00,13,148.3517,152.3485,neutral,3,0.000283612159414505,0.01920814989688812,1.7607301958026314e-05,0.07753337556552815,0.9028825481590129,2.968348628869093e-05,4.502343090959289e-05
00_03_02_04_07_01_00,15,166.5584,172.757,neutral,3,0.0002629301763358495,0.0015652436168847198,1.1827696850479483e-05,0.008526723407870574,0.9894709616858604,8.650513172681309e-05,7.580828447109553e-05
00_03_02_04_07_01_00,17,190.3556,198.053,neutral,3,0.00043952936686690716,0.0020282133305784917,2.2682256179586547e-06,0.0004764549505254157,0.9959701176651231,0.0009757034206679478,0.00010771304062004483
00_03_02_04_07_01_00,19,216.0537,217.4579,neutral,3,0.0002462876270444553,0.00014648626829582697,1.1701536145300854e-06,0.0003931275155105799,0.9987734076446626,0.0003667985547362204,7.272223613563787e-05
00_03_02_04_07_01_00,21,230.256,234.6535,neutral,3,0.00023359846436320258,0.010552102326356158,1.2893774774286594e-05,0.0006186224502628724,0.987895701383892,0.0005635466286208967,0.00012353497173053923
00_03_02_04_07_01_00,23,251.7496,252.7565,neutral,3,1.3224232034307203e-06,0.00015552313800800858,2.4878843687839095e-06,0.00012218186450926223,0.999607022071307,9.768398648156035e-05,1.377863212185746e-05
00_03_02_04_07_01_00,25,273.6546,282.3599,neutral,3,0.00033764151151547875,0.0001794763750186832,1.5531629214969906e-05,0.005595764196705362,0.9928167217253061,0.0009052356878603598,0.0001496288743791253
00_03_02_04_07_01_00,27,301.4525,302.4589,neutral,3,4.617214337797527e-05,7.259998226843793e-05,3.909134183416884e-06,8.893630030519905e-05,0.9994619657388698,0.00032402688825267296,2.389812742432136e-06
00_03_02_04_07_01_00,29,318.1575,322.655,neutral,3,0.0004145313410098242,0.005277710133498754,5.355685122855473e-06,0.0012630193729419351,0.9914555597141685,0.00022221267970148152,0.0013616110735564812
00_03_02_04_07_01_00,31,341.76,347.3605,neutral,3,0.003782565953028178,0.0007327988033146145,1.4449413055757634e-05,0.0012641411726451199,0.9831083338216887,0.0018683220854929872,0.009229388750774585
00_03_02_04_07_01_00,33,366.1609,369.6602,neutral,3,0.0010975298530297775,0.0008081519426904115,1.6189365874232512e-05,0.0002613215282774713,0.9968486875678653,0.0009418803643812682,2.6239377881638673e-05
00_03_02_04_07_01_00,35,387.0549,396.6521,neutral,3,0.00018467258495276674,0.007090393307885188,9.951235847234935e-06,0.0034980840726609474,0.9890738720749793,0.0001222102302872794,2.0816493387306317e-05
00_03_02_04_07_01_00,37,417.8597,423.5612,neutral,3,0.0047131617889646735,0.0007625934822329386,6.469811192255497e-05,0.0007847065343179943,0.9913463548956801,0.0020757100143195674,0.00025277517256207694
00_03_02_04_07_01_00,39,442.5589,454.9564,neutral,3,0.06767177299583725,0.009946419855979615,4.534069414736131e-05,0.0016157366429522693,0.9113817247857546,0.0046964286321464575,0.004642576393182282
00_03_02_04_07_01_00,41,471.5566,472.4604,neutral,3,0.01144931256402967,0.0007448176771692843,3.1933429383518614e-06,0.00014564511714611737,0.9864351423774641,0.0011780561460461414,4.3832775206343165e-05
00_03_02_04_07_01_00,43,492.964,523.0629,neutral,3,0.00554633783168455,0.0004380930204268869,3.4301720525977914e-05,0.0013001778192765598,0.9915261576622133,0.000723745548581225,0.0004311863972914658
00_03_02_04_07_01_00,45,542.0606,542.9642,neutral,3,7.025438470468535e-05,0.0003611812074328225,1.745360597413314e-05,0.0024227206892123965,0.9969224636481427,0.00019083678357967657,1.508968095348693e-05
00_03_02_04_07_01_00,47,564.0558,573.3597,neutral,3,0.0005846712969882047,0.00015019519650014094,1.4478091268356582e-05,0.002236768697003478,0.9967251318704037,0.0002022464981621428,8.65083496741777e-05
00_03_02_04_07_01_00,49,594.7638,608.5635,neutral,3,0.00030523057049609695,0.0025231145242259013,6.161110175779631e-06,0.0024747394803343484,0.9897596573017768,0.00048373765748365496,0.004447359355507345
00_03_02_04_07_01_00,51,623.3572,627.9613,neutral,3,2.9089473848010477e-05,0.00024078068204713595,2.2461896807255367e-06,0.0012736706156421982,0.9983276410116224,8.507918457131807e-05,4.14928425882064e-05
00_03_02_04_07_01_00,53,647.2592,651.0615,neutral,3,3.080033685602443e-06,4.378046661709665e-05,2.996747348997908e-06,0.005103186958403052,0.9944143714979797,1.3898860420316597e-05,0.000418685435545143
00_03_02_04_07_01_00,55,668.7637,672.1594,neutral,3,2.7360631445045827e-05,0.0015275778443356992,1.5796142152832985e-05,0.005873622853547441,0.9923390642574044,6.789470025351947e-05,0.00014868357086116486
00_03_02_04_07_01_00,57,686.5592,687.8608,neutral,3,0.0007130907747630241,0.15614689459454906,7.50390385658771e-05,0.0029975834589657953,0.7802233548491655,0.0009215150756484119,0.05892252220834238
00_03_02_04_07_01_00,59,703.8601,706.2668,neutral,3,0.00023010041516299522,0.003478111765905948,5.7750101867834386e-05,0.04069428649984291,0.9547703740033646,0.00032420168783914787,0.00044517552601657087
00_03_02_04_07_01_00,61,723.3657,729.8651,neutral,3,0.00032831200974257045,0.00020267455591627478,0.00014881417216943617,0.010671214314998484,0.9882457556864661,0.0003167054840190139,8.652377668819709e-05
00_03_02_04_07_01_00,63,745.9633,748.0686,neutral,3,0.0005608874631746083,0.02085685432306489,1.7144012431045922e-05,0.019850699138427796,0.9580496628683111,0.00024903989522639047,0.0004157122993641288
00_03_02_04_07_01_00,65,766.261,775.9669,neutral,3,0.0012953814969460316,0.3231097238737183,1.2785430428171555e-05,0.0018153272038942334,0.6728805653589054,0.0008455833281842466,4.0633307923757085e-05
01_00_00_02_07_00_00,1,48.0,59.962,happy,0,0.0,0.0,0.0,0.0,1.0,0.0,0.0
01_00_00_02_07_00_00,3,75.067,85.0,neutral,1,9.725186744811136e-07,1.829896460266488e-07,1.105947250045576e-05,0.0006176622503449378,0.0011272666382708325,0.998242584745851,2.713847122434449e-07
01_00_00_02_07_00_00,5,103.111,115.816,happy,0,0.0,0.0,0.0,0.0,1.0,0.0,0.0
01_00_00_02_07_00_00,7,138.609,145.0,neutral,0,0.0,0.0,0.0,0.0,1.0,0.0,0.0
01_00_00_02_07_00_00,9,175.0,184.391,happy,0,0.0,0.0,0.0,0.0,1.0,0.0,0.0
01_00_00_02_07_00_00,11,202.91,211.327,neutral,0,0.0,0.0,0.0,0.0,1.0,0.0,0.0
01_00_00_02_07_00_00,13,242.796,260.27,neutral,0,0.0,0.0,0.0,0.0,1.0,0.0,0.0
01_00_00_02_07_00_00,15,561.348,575.414,happy,0,0.0,0.0,0.0,0.0,1.0,0.0,0.0
01_00_00_02_07_00_00,17,599.66,610.813,disgust,0,0.0,0.0,0.0,0.0,1.0,0.0,0.0
01_00_00_02_07_00_00,19,355.314,370.267,happy,1,7.992815825074486e-06,1.9404092973047205e-05,2.7677607964949867e-05,4.531810886910969e-05,0.0037206273730572776,0.9961769510948597,2.028906450821986e-06
01_00_00_02_07_00_00,21,199.944,202.101,neutral,0,0.0,0.0,0.0,0.0,1.0,0.0,0.0
01_00_00_02_07_00_00,23,395.65,406.9,neutral,0,0.0,0.0,0.0,0.0,1.0,0.0,0.0
01_00_00_02_07_00_00,25,438.145,448.618,happy,0,0.0,0.0,0.0,0.0,1.0,0.0,0.0
01_00_00_02_07_00_00,27,460.803,465.513,neutral,0,0.0,0.0,0.0,0.0,1.0,0.0,0.0
01_00_00_02_07_00_00,29,910.968,914.958,neutral,0,0.0,0.0,0.0,0.0,1.0,0.0,0.0
01_00_00_02_07_00_00,31,534.244,547.292,happy,0,0.0,0.0,0.0,0.0,1.0,0.0,0.0
01_00_00_02_07_00_00,33,562.365,581.464,happy,0,0.0,0.0,0.0,0.0,1.0,0.0,0.0
01_00_00_02_07_00_00,35,600.01,609.306,happy,0,0.0,0.0,0.0,0.0,1.0,0.0,0.0
01_00_00_02_07_00_00,37,680.809,692.074,neutral,0,0.0,0.0,0.0,0.0,1.0,0.0,0.0
01_00_00_02_07_00_00,39,674.9,691.695,neutral,0,0.0,0.0,0.0,0.0,1.0,0.0,0.0
01_00_00_02_07_00_00,41,726.59,736.208,happy,0,0.0,0.0,0.0,0.0,1.0,0.0,0.0
01_00_00_02_07_00_00,43,762.018,772.724,happy,0,0.0,0.0,0.0,0.0,1.0,0.0,0.0
01_00_00_02_07_00_00,45,785.9,801.726,neutral,0,0.0,0.0,0.0,0.0,1.0,0.0,0.0
01_00_00_02_07_00_00,47,821.979,827.207,happy,0,0.0,0.0,0.0,0.0,1.0,0.0,0.0
01_00_00_02_07_00_00,49,877.9,887.9,happy,0,0.0,0.0,0.0,0.0,1.0,0.0,0.0
01_00_00_02_07_00_00,51,906.9,913.137,neutral,0,0.0,0.0,0.0,0.0,1.0,0.0,0.0
01_00_00_02_07_00_00,53,928.027,935.519,neutral,0,0.0,0.0,0.0,0.0,1.0,0.0,0.0
01_00_00_02_07_00_00,55,978.224,987.606,neutral,0,0.0,0.0,0.0,0.0,1.0,0.0,0.0
01_00_00_02_07_00_00,57,1002.9,1006.9,happy,0,0.0,0.0,0.0,0.0,1.0,0.0,0.0
01_00_00_02_07_00_00,59,1027.9,1030.9,happy,0,0.0,0.0,0.0,0.0,1.0,0.0,0.0
01_00_00_04_03_00_00,1,31.669,40.731,happy,3,4.361247352392368e-06,0.0013869320587179747,2.115580988158409e-05,0.7424305293823062,0.25364395394775896,0.002510376975309536,2.6905786732988596e-06
01_00_00_04_03_00_00,3,50.02,65.018,happy,3,0.0002577352764352692,0.001378852031099168,0.0005139346683319805,0.9952984606130685,0.0002818911470311316,0.00019150500131119078,0.0020776212627227433
01_00_00_04_03_00_00,5,73.96,85.86,happy,3,0.000145250040454856,0.0890786836004021,0.00018153075535896058,0.8949540141784336,0.009736722234235278,0.005884363481644447,1.9435709470723408e-05
01_00_00_04_03_00_00,7,109.39,122.256,happy,3,9.39175865470887e-06,0.00012468302447969466,1.2886426324403126e-05,0.9995426676083818,9.929301486948389e-05,0.00019538829117876906,1.568987611104658e-05
01_00_00_04_03_00_00,9,141.952,167.317,happy,3,2.8798251954801448e-05,0.06945474201824123,8.96487997251783e-05,0.6037206233218373,0.32519908143526477,0.0014843743183941293,2.273185458271685e-05
01_00_00_04_03_00_00,11,181.174,199.64,happy,3,5.1385898500510596e-05,0.035650345026354814,0.00029907007536829626,0.34040779669919324,0.27514788562407616,0.04313062498846975,0.30531289168803727
01_00_00_04_03_00_00,13,233.589,256.198,disgust,3,0.0008513773315248765,0.3938795350046055,0.0012894515144895211,0.43560395764259496,0.16062622898412168,0.005993493214662554,0.001755956308001071
01_00_00_04_03_00_00,15,269.15,297.301,happy,3,0.00462170573238673,0.6711261153913476,0.009592539070069614,0.18623219944084424,0.028128759756536344,0.036241889561848116,0.06405679104696732
01_00_00_04_03_00_00,17,320.331,337.46,happy,3,0.0028904323938884592,0.25126613174441415,0.00041797917345341034,0.3963074873227038,0.34285509622219607,0.002380896361345003,0.003881976781999098
01_00_00_04_03_00_00,19,376.199,384.674,happy,3,0.041181480042447816,0.12299820059714388,0.0016759724242551796,0.7557363065922988,0.003109343931184276,0.017067412228263214,0.05823128418440671
01_00_00_04_03_00_00,21,399.592,405.213,happy,3,2.6305179699806948e-05,0.7286029926955511,3.376583666179172e-05,0.26556401960552306,0.005548244464597896,0.00021349636969872867,1.1175848267759566e-05
01_00_00_04_03_00_00,23,424.951,442.029,happy,3,3.242786688728329e-06,0.002617750184992096,3.6496066702559658e-06,0.9952447873176983,0.0019960404828804645,0.0001262106841499578,8.318936920166122e-06
01_00_00_04_03_00_00,25,479.18,486.44,disgust,3,0.0004920863236594862,0.30085362054489706,0.0014833236662787244,0.36322925313594473,0.30996135007641373,0.023587349688900253,0.0003930165639060765
01_00_00_04_03_00_00,27,491.758,518.072,happy,3,0.00010385022730192039,0.014633101764152704,0.0003051395697052101,0.6153337679072481,0.35011688807476743,0.01664662046429896,0.0028606319925255806
01_00_00_04_03_00_00,29,532.34,549.32,happy,3,3.786435716590582e-05,0.011162804147976033,0.00015717277834481082,0.010326554422398814,0.9480163006712312,0.028945401917258164,0.001353901705625012
01_00_00_04_03_00_00,31,591.153,610.979,happy,3,4.7467004479280985e-05,0.3281570527272959,6.215660868116429e-05,0.6366110790700422,0.02680030031295527,0.008309220868695405,1.2723407850675651e-05
01_00_00_04_03_00_00,33,642.64,649.64,happy,3,4.851923364837828e-05,0.6716599186471188,4.8524292295483585e-05,0.324317661348467,0.0012473123238015528,0.0026066924127100006,7.137174195874885e-05
01_00_00_04_03_00_00,35,660.64,670.719,happy,3,6.459724034378378e-06,0.005934320408673648,1.321235896862471e-05,0.9928023351820833,0.0011663056215770106,7.033881321175906e-05,7.027891451158108e-06
01_00_00_04_03_00_00,37,713.221,736.264,happy,3,0.0011685171878674065,0.3900629258727539,0.0007331787195311172,0.20105184776408103,0.39588527924588335,0.00884999696665484,0.0022482542432283844
01_00_00_04_03_00_00,39,756.87,789.286,happy,3,0.000266292881104965,0.1697376374291927,0.0007647799240375749,0.05237673634960943,0.7346923782164538,0.04187648110566853,0.0002856940939329292
01_00_00_04_03_00_00,41,815.64,834.375,disgust,3,2.9298894741467392e-05,0.0013254724431733082,3.751806695450237e-05,0.0014175056189056829,0.9951712972952534,0.0018735502557655022,0.00014535742520614851
01_00_00_04_03_00_00,43,879.553,884.64,disgust,3,4.522302672143659e-05,0.2346729338876765,0.00011320551983767357,0.0038326915252079718,0.6130986436506631,0.14821068262110842,2.661976878486331e-05
01_00_00_04_03_00_00,45,900.64,908.741,happy,3,0.0026290271201407298,0.22661997153667893,0.0004955028047393327,0.39965592973521213,0.36364395682311296,0.006572443473638279,0.0003831685064777446
01_00_00_04_03_00_00,47,929.64,940.48,happy,3,0.0005217723429979355,0.14938190820373012,0.00025832780417710705,0.6043535466836287,0.21158969505726016,0.0337715929335447,0.00012315697466119046
01_00_00_04_03_00_00,49,987.147,1005.64,happy,3,6.243279868290113e-05,0.01627339449479478,0.00047730874528540714,0.3388552490909341,0.3159198132404011,0.3281988230345745,0.0002129785953273269
01_00_00_04_03_00_00,51,1025.062,1042.783,happy,3,0.00011324637867385099,0.8901208777126584,0.00043865975962128313,0.010884412675687696,0.03564099483343644,0.06269555007923494,0.00010625856068751646
01_00_00_04_03_00_00,53,1075.24,1080.06,happy,3,2.1770519653864776e-05,0.00838563090668526,3.7752414141777635e-05,0.6760151693996251,0.12753764248731175,0.187993696071023,8.338201559191547e-06
01_00_00_04_03_00_00,55,1129.26,1137.18,happy,3,0.00047657796900823655,0.26689277127035743,0.008595717308322866,0.4667507372636193,0.22895415595680854,0.02761891257425182,0.0007111276576317883
01_00_00_04_03_00_00,57,1157.084,1187.908,disgust,3,0.00016593788108568519,0.6817935212074667,0.00024691027953444505,0.0035549757453211166,0.05021320003307895,0.2638851219204144,0.00014033293309864112
01_00_00_04_03_00_00,59,1213.254,1221.2,happy,3,0.00010037582902311205,0.2913520930711576,0.0005225224487441799,0.20089288589925025,0.3052133819273878,0.2018015045519483,0.00011723627248874531
01_00_00_04_07_00_00,1,33.12,47.5,happy,3,0.0010315086746086537,0.19011038983673537,0.00031401635588529836,0.0045428741418103175,0.6739191331473545,0.08164753542305282,0.048434542420553006
01_00_00_04_07_00_00,3,57.851,75.4,disgust,3,0.005284951929032281,0.041220974816537755,0.002812931323344927,0.004849023928559212,0.5604645049278744,0.035008795535624505,0.35035881753902687
01_00_00_04_07_00_00,5,86.505,103.772,neutral,3,0.002660712027883363,0.34931520568929225,0.0005703061406508876,0.0030781201675907266,0.6010544935261071,0.0017490568075898612,0.04157210564088576
01_00_00_04_07_00_00,7,419.62,423.266,neutral,3,0.00014386832479006557,0.0032673744923783776,9.877460902064763e-05,0.00018910857834828065,0.9936025507302935,0.0021467737358368015,0.0005515495293323713
01_00_00_04_07_00_00,9,149.62,173.096,neutral,3,0.0027324686557775855,0.10649509521876475,0.0018616079835357985,0.0023430561912880722,0.808222108824042,0.015912233845889343,0.06243342928070244
01_00_00_04_07_00_00,11,132.62,139.187,neutral,3,0.00032055783458017484,0.013369397658367562,0.0002996015465603589,0.0014524057862407543,0.9675764332254388,0.01604107186468484,0.0009405320841275061
01_00_00_04_07_00_00,13,220.62,228.12,disgust,3,0.00021391910209342288,0.004478334047815224,0.0003206640875667555,0.0006737420025129278,0.9868308306472897,0.006838388493014463,0.0006441216197074291
01_00_00_04_07_00_00,15,250.448,267.62,neutral,3,0.0011430017244789094,0.0018033162190579785,0.00046591789277235625,0.00025040461265216616,0.7697035103300482,0.0014791100552105792,0.22515473916577974
01_00_00_04_07_00_00,17,282.477,303.049,happy,3,0.00584037457984842,0.010591681358504981,0.0003862417013315538,0.0038060802957516925,0.9614563183685018,0.004489773634884405,0.013429530061177114
01_00_00_04_07_00_00,19,339.362,361.964,happy,3,0.0007543884557575121,0.27071520503810315,0.0004625687778626144,0.002395409148373726,0.7184111162005197,0.004434487329447499,0.002826825049935816
01_00_00_04_07_00_00,21,373.113,399.587,happy,3,0.003986439297545735,0.009486583048123505,0.002254394332921895,0.0009253373016012362,0.6647998813963483,0.0033144714923421118,0.3152328931311173
01_00_00_04_07_00_00,23,419.62,424.62,neutral,3,0.002837438222924569,0.06590647260235676,0.0005912034682489479,0.005281818007674917,0.7942980191376718,0.003315882389331244,0.12776916617179188
01_00_00_04_07_00_00,25,132.62,140.5,disgust,3,0.0012068928439345798,0.03219384270385631,0.0011124042605991456,0.002517943217274221,0.8478025897838727,0.05512878342644892,0.06003754376401412
01_00_00_04_07_00_00,27,483.953,508.62,happy,3,0.0003889236143436433,0.003665881496785973,0.0026747717925445346,0.0007177240463138439,0.688074119525506,0.2982483340250711,0.006230245499434889
01_00_00_04_07_00_00,29,538.62,553.62,neutral,3,0.0002823347554936526,0.3253283586824336,0.00016084418108831033,0.0011774664176308612,0.6690973222038822,0.0025793332516385304,0.0013743405078328233
01_00_00_04_07_00_00,31,591.165,611.62,neutral,3,0.008135284354981303,0.045561874904011986,0.00047977729504152975,0.015255722022496256,0.9119557141815334,0.004921277208635911,0.013690350033299652
01_00_00_04_07_00_00,33,628.557,640.941,sad,3,0.0014904362375246535,0.8651324086552129,0.0005713008971704456,0.0030307839385674963,0.10280473001909217,0.01196904738703676,0.015001292865395607
01_00_00_04_07_00_00,35,657.62,675.795,neutral,3,0.002040776547424284,0.01938712396127979,0.0028672027793852093,0.0015949515177656184,0.8766920994862851,0.017842453851003182,0.07957539185685684
01_00_00_04_07_00_00,37,704.62,715.62,happy,3,0.003989165881947854,0.025276785527669564,0.0002894939825765459,0.002722165698994982,0.9264095828030875,0.0016686483931951381,0.039644157712528424
01_00_00_04_07_00_00,39,733.62,752.62,happy,3,0.002278113877391422,0.2675997389183137,0.0019224992110427504,0.0010950170507274056,0.4595347244696221,0.004778452384704641,0.26279145408819793
01_00_00_04_07_00_00,41,774.99,797.577,neutral,3,0.020579441730897353,0.22283424673905375,0.0002672597137102631,0.003360544726490403,0.6831564075784471,0.014722669312819117,0.05507943019858214
01_00_00_04_07_00_00,43,833.12,847.822,neutral,3,0.002736272498683523,0.19995573090137098,0.0007929636264184527,0.0008024790802140324,0.7513990964860857,0.0007228146681036825,0.04359064273912359
01_00_00_04_07_00_00,45,871.148,886.731,happy,3,0.0028898349484545427,0.11578938286792538,0.000762560461503353,0.0017229612802167245,0.8650266642107268,0.010953546742386503,0.002855049488786614
01_00_00_04_07_00_00,47,909.864,919.376,neutral,3,0.0006245671216164264,0.011586710237178595,0.0014485751949042285,0.0006015764303110977,0.6449689896163219,0.003320543150225993,0.3374490382494417
01_00_00_04_07_00_00,49,958.565,978.677,happy,3,0.005034834854149875,0.035927781434889366,0.0012066140356302895,0.0709410867159163,0.6065444261934518,0.03366422175228015,0.24668103501368208
01_00_00_04_07_00_00,51,676.61,680.047,neutral,3,0.0004072363527667464,0.031174305411331368,0.0006720849894702442,0.003793564052758995,0.8412317155390897,0.12239311488755035,0.0003279787670327034
01_00_00_04_07_00_00,53,1011.62,1013.62,disgust,3,0.0004771992298294538,0.29847015255107234,0.00036353546403297525,0.0017059653785071298,0.6186117735977867,0.004629016141531763,0.07574235763723959
01_00_00_04_07_00_00,55,1043.12,1054.62,neutral,3,0.0005650130120705699,0.25868860226216356,0.00030489127440389463,0.0006788857820953236,0.7356089383924408,0.001364734480563021,0.0027889347962628463
01_00_00_04_07_00_00,57,1071.12,1087.62,neutral,3,0.0024015186133019843,0.02099374869892314,0.0012019873622080284,0.0026732688649762863,0.4795082145280254,0.001101078980923616,0.4921201829516416
01_00_00_04_07_00_00,59,1110.62,1122.62,disgust,3,0.004792041586820499,0.26421827349057536,0.000889584490930191,0.0027990835261398773,0.44677770523185156,0.039183085099301164,0.24134022657438145
01_00_00_04_07_00_01,1,961.794,962.674,happy,3,4.303599046731663e-07,0.0007266958628482029,4.949939173867655e-07,0.008597869454792705,0.9906303555281901,4.407966321999171e-05,7.413712690791777e-08
01_00_00_04_07_00_01,3,1303.898,1307.658,neutral,3,1.3364597036027638e-05,0.32013441137769894,0.0002023881989888928,0.0004976703266050099,0.6777476159822926,0.0013882115121254023,1.6338005253153806e-05
01_00_00_04_07_00_01,5,1000.332,1003.625,neutral,3,5.664245405407203e-07,0.00019101543569433068,7.050789700117169e-07,0.5686734868856029,0.43109919503646904,3.484952808243007e-05,1.8161064086617474e-07
01_00_00_04_07_00_01,7,962.109,963.491,disgust,3,3.299322890508779e-06,0.0002003423153277976,3.3272761918848843e-06,0.00788465473138209,0.9916970591123834,0.00021117675717188643,1.404846524710664e-07
01_00_00_04_07_00_01,9,964.874,968.192,neutral,3,1.1627940314792828e-05,0.3023531286054575,4.944359647577617e-05,0.0012422513273972061,0.6959388890377054,0.00040093862172433623,3.7208709249693778e-06
01_00_00_04_07_00_01,11,1064.777,1073.988,neutral,3,6.789865760745926e-05,0.20131420225955854,0.00020653792818534596,0.00020534564855277302,0.7978866413932836,0.00031122292822009274,8.151184592196536e-06
01_00_00_04_07_00_01,13,1115.111,1123.637,disgust,3,2.7069237808641622e-05,0.031583580101594066,1.2305634035104321e-05,8.286588755426085e-05,0.9651045211239253,0.003188866746895596,7.912681870638695e-07
01_00_00_04_07_00_01,15,903.803,908.875,happy,3,1.901024879059803e-05,0.2879743365123321,5.573425589824311e-05,0.0019174176926000056,0.7092721139688121,0.0007563536860235354,5.033635543616717e-06
01_00_00_04_07_00_01,17,1261.088,1263.916,neutral,3,2.825293368267658e-05,0.0015379389983133812,5.034941864868374e-06,0.0001739910184498225,0.9982427085892218,1.13098499918282e-05,7.636684756754279e-07
01_00_00_04_07_00_01,19,1093.454,1104.895,disgust,3,5.080085768821143e-05,0.5218761457921995,0.0002543394915386975,0.001098696399728342,0.4759705848946409,0.0007234664131974533,2.596615100686715e-05
01_00_00_04_07_00_01,21,1180.936,1189.551,neutral,3,3.143119406711898e-05,0.12454828698541158,0.0002446016997302868,0.0008987410305330082,0.8720668440199022,0.00218293960821046,2.7155462145383753e-05
01_00_00_04_07_00_01,23,1006.78,1025.8,neutral,3,6.718054790118495e-06,0.08558389381405913,3.5682215987020446e-05,0.0015515088866252954,0.911730694279329,0.0010842399543466578,7.262794862709345e-06
01_00_00_04_07_00_01,25,1086.88,1108.731,neutral,3,5.423337347156161e-07,0.03204108981289422,4.250712489299894e-06,0.0033311881394626633,0.9645269977437538,9.551615196161015e-05,4.151057037348986e-07
01_00_00_04_07_00_01,27,1328.88,1331.368,disgust,3,2.192078291640541e-06,0.0014810529556599271,2.8871990100925727e-05,0.00013589870821362128,0.9981522904975009,0.00019844328579485295,1.2504844383029812e-06
01_00_00_04_07_00_01,29,1064.777,1075.448,neutral,3,1.2770398860158658e-05,0.023141540852888363,4.1516368961276686e-05,0.00012621471734570845,0.9765671667177281,0.00010928399746082839,1.5069467555458632e-06
01_00_00_04_07_00_01,31,1179.602,1196.2,neutral,3,3.4624230605633214e-05,0.5213592429243382,0.00018830374199465275,0.0007594619038004799,0.4762898122664364,0.0012601504204184568,0.00010840451240613488
01_00_00_04_07_00_01,33,961.543,974.314,neutral,3,1.3900508452059658e-05,0.303517974048569,8.10711961924449e-05,0.000637812891110207,0.6950137424798958,0.0007233503270477169,1.2148548732870147e-05
01_00_00_04_07_00_01,35,1090.682,1107.056,happy,3,4.155930900905014e-05,0.5707340765589131,0.00013150793549780644,0.00047253596534056145,0.42775792371768295,0.0004539866830902195,0.0004084098304664825
01_00_00_04_07_00_01,37,1086.626,1099.923,neutral,3,3.0411284014151906e-05,0.07272600815835326,5.751470183588559e-05,0.0005244397530280527,0.9245867008820539,0.0020722248705806736,2.700350134124879e-06
01_00_00_04_07_00_01,39,1086.959,1102.733,neutral,3,1.0322904717436852e-05,0.6622989375459506,5.049951482054216e-05,0.000558693626996864,0.3366935957373053,6.071848595092349e-05,0.0003272321842584166
01_00_00_04_07_00_01,41,953.292,983.946,neutral,3,5.121814947721632e-06,0.3294155327113296,1.57086649177905e-05,0.00017175875814941338,0.6697941704235315,0.0002844896230408516,0.00031321800408299873
01_00_00_04_07_00_01,43,958.858,986.137,neutral,3,3.061939961884908e-06,0.08200078853117453,2.951505616847214e-05,0.08537041833872956,0.832051290239742,0.0005422694153907229,2.656478832848832e-06
01_00_00_04_07_00_01,45,961.48,975.48,happy,3,1.2181840881597004e-05,0.6655690576512774,1.8466557259601327e-05,9.806510498777768e-05,0.33388222882134116,0.0002203670736979449,0.00019963295055454953
01_00_00_04_07_00_01,47,1014.818,1031.843,neutral,3,6.115943978915878e-06,0.3437901446038997,3.330493302292678e-05,0.004377156631430727,0.650897213909645,0.0008902255186096267,5.83845941317304e-06
01_00_00_04_07_00_01,49,1086.88,1107.777,neutral,3,1.9323199658227333e-06,0.3374398351508826,8.329636322417832e-06,0.05535499898235599,0.6071215810153542,7.200593403877745e-05,1.3169610801048876e-06
01_00_00_04_07_00_01,51,1135.88,1149.88,happy,3,9.601949004146043e-06,0.879326491740851,4.459542869976246e-05,0.000217406616150922,0.11960723322309016,0.0007887680113279403,5.903030876091905e-06
01_00_00_04_07_00_01,53,1183.88,1204.88,neutral,3,1.2962446485996313e-06,0.035214805248812334,1.0363463699442302e-05,0.002661435954546196,0.9618540724488241,0.0002570877491283063,9.388903410110227e-07
01_00_00_04_07_00_01,55,1265.38,1273.951,happy,3,7.816515596850765e-07,0.00037835281459049785,2.842012587510127e-07,0.38131114021560075,0.6183046807963113,4.551885734034063e-06,2.0843494503314984e-07
01_00_00_04_07_00_01,57,1289.968,1309.51,neutral,3,4.5095423868346564e-05,0.42349307402807074,0.00020075865871761685,0.000892676497818703,0.5743372311831353,0.000999898388644503,3.126581974489142e-05
01_00_00_04_07_00_01,59,1291.985,1294.974,neutral,3,1.4448251085463857e-05,0.017761090669409136,9.233005370997488e-05,0.0006784064640775449,0.9749364889667769,0.0065144630192418215,2.772575699239953e-06
01_01_00_05_03_00_00,1,34.97,45.323,happy,3,2.1734970740097015e-05,6.374485798999436e-05,4.139729044803482e-05,4.974673281825934e-06,0.48596814905044233,0.1868493959944491,0.32705060316264867
01_01_00_05_03_00_00,3,56.293,65.771,happy,3,0.0009562756664572713,0.037821089839680785,4.831947538811234e-05,0.06796902854936225,0.5801983933591546,0.31248230694562484,0.0005245861643321356
01_01_00_05_03_00_00,5,77.738,85.96,happy,3,7.64690397104023e-05,0.24156212271334598,9.696270556191183e-05,0.021041335051839697,0.720667424418499,0.007479437053548518,0.009076249017494624
01_01_00_05_03_00_00,7,111.06,113.244,neutral,3,8.817491375567067e-05,0.0016110469566306665,1.7838362742886097e-05,0.0005466116529586096,0.9319302999128859,0.06471834554681494,0.001087682654211341
01_01_00_05_03_00_00,9,134.04,138.8,neutral,3,1.0408202219465397e-06,1.4254336343874753e-05,1.374624498617137e-07,6.941289816182394e-07,0.9986852960629853,0.0012936773393053002,4.899849712181749e-06
01_01_00_05_03_00_00,11,147.541,171.389,happy,3,0.0016490980168869151,0.002563672280209131,2.8626915222736132e-05,0.0003033733720641251,0.5938170622915956,0.11373634355790402,0.2879018235661174
01_01_00_05_03_00_00,13,209.665,225.697,happy,3,2.795808063435875e-05,0.0010696210778076893,9.159204465554924e-07,3.037140880530793e-05,0.9727470516273582,0.025472588415015294,0.0006514934699325746
01_01_00_05_03_00_00,15,243.52,249.4,neutral,3,8.881101047315374e-05,0.00011824530796756713,1.3694636690559954e-06,6.554202824228056e-05,0.9886869681626553,0.011035833876631563,3.2301503610915065e-06
01_01_00_05_03_00_00,17,269.346,288.284,neutral,3,0.0008740821020169167,0.0009155280981773093,2.356990622528314e-05,6.732287323209894e-05,0.978481698028735,0.011426264939725587,0.008211534051887874
01_01_00_05_03_00_00,19,322.127,352.595,neutral,3,2.004059895300944e-05,0.004000312797725607,1.2143650083741926e-05,0.0001459958326716181,0.9600952243420358,0.006581130541096274,0.029145152237433834
01_01_00_05_03_00_00,21,366.64,374.96,neutral,3,1.7653319721683575e-05,1.7211309685616674e-05,4.402254558517254e-06,0.00036243996347107353,0.7509332416394316,0.24866084125737914,4.210255752295108e-06
01_01_00_05_03_00_00,23,383.78,394.66,neutral,3,5.65325096563795e-05,0.004264844459272541,6.793797482032525e-06,0.00011297521140826007,0.9467439041751065,0.0487599751039815,5.497474309269313e-05
01_01_00_05_03_00_00,25,426.335,451.395,neutral,3,0.002204723847800846,0.006567730396271623,3.0324392928685526e-05,0.0007415884906048726,0.9701939015943702,0.013190387772615015,0.007071343505408729
01_01_00_05_03_00_00,27,471.311,484.62,neutral,3,2.1153728508868308e-05,0.00021034756288661622,1.9294836889274618e-05,5.715821828008762e-05,0.9468260044780853,0.050792375421612974,0.0020736657537367576
01_01_00_05_03_00_00,29,510.24,513.62,happy,3,0.0014789277203961526,0.014396530183632848,1.552195488313253e-05,0.36907386613018767,0.6061747956554646,0.008252881884588854,0.0006074764708469158
01_01_00_05_03_00_00,31,544.62,557.22,neutral,3,3.0336865515310524e-05,5.125630888636331e-05,1.2664994052113097e-06,5.479233163681397e-05,0.9994734126141235,0.0003751105708744771,1.382480955834772e-05
01_01_00_05_03_00_00,33,577.472,599.276,neutral,3,1.1051124073352032e-05,1.332883239654349e-05,4.682983589870948e-06,8.163206480396498e-06,0.9834446814792364,0.01391015508837936,0.0026079372858439915
01_01_00_05_03_00_00,35,623.76,628.24,neutral,3,0.00047244046468537874,0.0003761508475013227,4.871897695290714e-06,0.00023126597323961772,0.9669973732495677,0.03188184554674859,3.6052020562107064e-05
01_01_00_05_03_00_00,37,662.62,673.49,neutral,3,0.0005178554469982658,0.023701254056924147,6.924373404410189e-06,0.003325580700020646,0.9624280202213119,0.005573053351083972,0.004447311850256698
01_01_00_05_03_00_00,39,685.43,688.773,happy,3,2.9127703086077782e-05,0.00019022440333023104,6.976489096223635e-06,0.0006201734776145231,0.7454615013420239,0.25368433056210976,7.666022739071984e-06
01_01_00_05_03_00_00,41,700.204,706.656,happy,3,0.00013746322212134616,0.00021400544917854676,9.659763942103902e-06,0.0002133118269850515,0.7294762535406211,0.25062449536790193,0.019324810829249982
01_01_00_05_03_00_00,43,745.391,769.736,happy,3,0.04640370507363396,0.1357929009605515,0.00024477169333069035,0.0020331705463479425,0.6359199970611896,0.012394522789983367,0.16721093187496283
01_01_00_05_03_00_00,45,796.62,799.62,neutral,3,2.0038247682097448e-05,0.00032008734228692123,1.0648512574403177e-05,0.0003004611216686238,0.9443389716956377,0.05500235715783834,7.4359223119142784e-06
01_01_00_05_03_00_00,47,814.049,834.282,neutral,3,5.702641588465345e-05,0.0028997505614393564,8.370096315041618e-06,3.166386770002082e-05,0.6843201869221138,0.31145282453202006,0.001230177604527104
01_01_00_05_03_00_00,49,872.62,877.514,neutral,3,1.4807241208846163e-05,0.00032849640231066607,2.653466307511189e-06,4.704841985545296e-05,0.9450553393269411,0.04980477136882255,0.00474688377455391
01_01_00_05_03_00_00,51,900.62,917.642,happy,3,0.012351843101775473,0.0045126202860677304,1.0652711578780055e-05,3.8999562904561854e-05,0.8885508580197997,0.09421559065162873,0.00031943566624491933
01_01_00_05_03_00_00,53,944.62,945.62,neutral,3,1.3221031528428814e-06,0.0014297184919098063,7.887334057024138e-06,0.0008535934141221224,0.9831939140129919,0.014492547431171253,2.101721259505398e-05
01_01_00_05_03_00_00,55,979.62,1004.909,neutral,3,6.1207187632573516e-06,0.0005095214170186596,3.3097824201116565e-06,2.794591684390156e-05,0.9864906474019399,0.0111265636647806,0.001835891098233484
01_01_00_05_03_00_00,57,1033.005,1041.711,happy,3,1.7008746194812312e-06,0.00015860137278233817,7.950475165970364e-06,0.09281541667192997,0.8833684741720123,0.022705935391455552,0.0009419210420343357
01_01_00_05_03_00_00,59,1061.842,1070.267,neutral,3,4.567670811965424e-06,3.570328958956365e-06,2.4950969779929626e-07,0.00022347425934314777,0.9992441407923891,0.0005219664526132143,2.0309861858559216e-06
01_01_00_08_08_01_00,1,32.2947,33.8958,neutral,3,0.0005460994542303775,0.18200070386165157,1.2909760681083638e-05,0.00013179246083006027,0.8169676948381583,0.0002460461000415982,9.475352440679455e-05
01_01_00_08_08_01_00,3,48.2933,49.5956,neutral,3,0.0037071692051817945,0.3050667235268036,0.00011022156241199381,0.00021448274338886194,0.6729257457604076,0.0005286302174821882,0.0174470269843239
01_01_00_08_08_01_00,5,64.2888,65.5956,neutral,3,0.00169384165679204,0.4371148992481136,6.2353106825856e-06,5.936847577963527e-05,0.5590385609976926,0.002066338279934392,2.0756031005305005e-05
01_01_00_08_08_01_00,7,87.3894,91.2894,neutral,3,0.04000109102951244,0.015131137175907102,0.00033277858837482926,4.9067890584643124e-05,0.8470352739055115,0.0006738247008972094,0.09677682670921228
01_01_00_08_08_01_00,9,103.0972,116.9968,neutral,3,0.00440899730622276,0.36896502334244663,0.00019967969595828834,0.00011494455159428104,0.5760567999140549,0.00014801838376247612,0.0501065368059607
01_01_00_08_08_01_00,11,139.0962,142.6916,neutral,3,0.0033890150351951636,0.04777722530105414,0.002824370972262865,3.5599689402289774e-05,0.46803655913061554,0.00013328555244703736,0.4778039443190229
01_01_00_08_08_01_00,13,161.7898,165.6951,neutral,3,0.00033177145748706203,0.0029521784773316726,0.00028594719566650594,2.052839040356115e-05,0.9934616756880292,0.00014151116396426497,0.002806387627117633
01_01_00_08_08_01_00,15,188.3967,203.3955,neutral,3,0.007004203203055834,0.29144513568715835,0.0005164453575583621,5.7973654669102006e-05,0.5715321137203351,0.0004642381154036224,0.12897989026181958
01_01_00_08_08_01_00,17,259.695,260.7992,neutral,3,1.047489035727139e-05,0.0010326779455419692,1.4263111294400593e-05,4.123893116115243e-05,0.9986362382850001,0.0001680249903285105,9.708184631667397e-05
01_01_00_08_08_01_00,19,278.5984,281.5998,neutral,3,0.010477264901791798,0.4256941229673395,0.0007460266161220624,0.00012546546204149304,0.08823799873861002,0.00017028481102503872,0.47454883650307017
01_01_00_08_08_01_00,21,294.8974,301.2964,disgust,3,0.006339801204700128,0.5408506785394137,0.0010375944016332637,4.101556103944507e-05,0.40286059238194183,9.768384148523438e-05,0.048772634069786304
01_01_00_08_08_01_00,23,322.0007,322.9958,happy,3,4.633911556805097e-05,0.044545202719361285,6.089371982831997e-05,0.9531525048666022,0.0015745451017646437,0.0005745270701872749,4.5987406688239914e-05
01_01_00_08_08_01_00,25,342.0977,342.9932,disgust,3,0.0009353598243229163,0.18266713217545735,0.0009605202991659165,2.343602470702155e-05,0.8073471980542914,0.0008160546634123336,0.0072502989586430535
01_01_00_08_08_01_00,27,360.9966,361.9941,neutral,3,1.0396507726103136e-05,0.004960055491671389,8.837284088394553e-06,8.857433670898561e-05,0.9948360638435431,8.33550958006989e-05,1.2717440461374161e-05
01_01_00_08_08_01_00,29,377.0969,378.096,neutral,3,4.942610335194724e-05,0.0028466073507075365,1.429374096072686e-05,0.00014827114990704154,0.9967748770578394,0.00013388156313323622,3.264303410015128e-05
01_01_00_08_08_01_00,31,399.9974,401.9999,neutral,3,0.001552094793122441,0.15690912460711984,6.095105005934381e-05,0.0002873841689883079,0.829749857384874,0.0024300261914828847,0.009010561804353045
01_01_00_08_08_01_00,33,423.0994,428.3,neutral,3,0.00018296258211857123,0.0021912216349486424,6.58934014680656e-06,0.00011664714677592853,0.997457414028653,5.463488958769492e-06,3.970177839841734e-05
01_01_00_08_08_01_00,35,485.9017,487.7029,neutral,3,0.0014454130162730242,0.04857294977922912,0.00030342402088094856,0.0001343854927729128,0.9458591562758069,0.001954045731106155,0.001730625683931006
01_01_00_08_08_01_00,37,505.0003,506.5045,neutral,3,0.04334674142462353,0.26554018815053115,0.00020953557430386185,0.000385263462429388,0.6805758462642102,0.009692445141720333,0.00024997998218150046
01_01_00_08_08_01_00,39,523.1978,524.6004,neutral,3,0.006291283640882423,0.13080156246778443,0.0005298696017813244,6.457947119106535e-05,0.8271728806622723,0.00022060058900124103,0.03491922356708726
01_01_00_08_08_01_00,41,547.8035,548.3027,neutral,1,0.0001730579623101316,0.00022831064141482922,9.977784036242984e-06,9.797369200013624e-05,0.9971548834484937,7.517378642115147e-05,0.002260622685323781
01_01_00_08_08_01_00,43,564.8011,573.404,neutral,3,0.016787735521609913,0.003312704464564818,0.0006662329607609295,0.0003007088318152204,0.8738397169225366,0.00033399061372154016,0.10475891068499107
01_01_02_05_08_00_00,1,31.9861,40.588,happy,3,3.0486093158146642e-05,0.013118512028574255,7.706575007777318e-06,0.6575496182594471,0.32774222092128036,0.0014934091532787619,5.804696925379701e-05
01_01_02_05_08_00_00,3,59.3924,68.1946,happy,3,3.2443776894616016e-05,0.03188062232323048,6.073531872429735e-06,0.963076367612015,0.0008929738498761683,0.0040029417748029495,0.00010857713130840753
01_01_02_05_08_00_00,5,84.9935,93.2865,happy,3,3.65498581781988e-05,0.00016879357184041636,7.047477141865998e-05,0.9992346083851914,0.00011921944521697095,0.00026245088107525546,0.00010790308707906228
01_01_02_05_08_00_00,7,112.6938,119.1892,happy,3,0.013513624482009363,0.14192789096225217,0.010180102156776961,0.5500223436032592,0.04275438453972294,0.1213574438101748,0.12024421044580445
01_01_02_05_08_00_00,9,138.7904,148.896,happy,3,7.960429266788815e-05,0.0004170815394419844,1.0127860874361697e-05,0.9985985581976632,0.0007882029312654204,8.785381272927934e-05,1.8571365357912173e-05
01_01_02_05_08_00_00,11,167.1876,172.4967,happy,3,7.984603542892492e-05,0.0007676388567172983,1.1738457777157108e-05,0.9989550001723201,2.5990755365984382e-05,0.00012032826634078386,3.945745604960652e-05
01_01_02_05_08_00_00,13,194.6941,198.2926,happy,3,7.609603905423005e-05,0.5706334668033097,0.011634675104648249,0.40378623237681005,0.002174907449510867,0.011587026528430307,0.00010759569823668569
01_01_02_05_08_00_00,15,213.6975,216.3899,happy,3,0.00021800166120944714,0.33388330124324545,2.435327403233788e-05,0.6598355009469554,0.00587309946932315,0.0001565751895950655,9.168215639059503e-06
01_01_02_05_08_00_00,17,232.5979,235.9924,happy,3,0.002076326539266818,0.30588430658084614,0.0005271694101148214,0.6885900422168394,0.00023947541369965283,0.0016923798927822502,0.000990299946451043
01_01_02_05_08_00_00,19,255.096,258.6948,happy,3,0.00113740644398205,0.6570485852498922,2.251327122284168e-05,0.3386905901994791,0.001073598872813733,0.0012513668732244082,0.0007759390893856116
01_01_02_05_08_00_00,21,279.9954,289.1967,happy,3,0.00014212726071750897,0.03544866924960248,0.0027907949257646447,0.7384025286755481,0.22011714285046793,0.0029349149038803784,0.0001638221340189308
01_01_02_05_08_00_00,23,308.1926,309.199,happy,3,0.018360284503183874,0.0256973444014681,0.004235583724031806,0.6936406257052169,0.00567815692009657,0.24072598264040954,0.011662022105593133
01_01_02_05_08_00_00,25,330.8989,338.4908,happy,3,0.0011003099918116914,0.4271860409056128,0.00034187321611231687,0.3336857460695324,0.20233601560368966,0.020431796334735467,0.014918217878505668
01_01_02_05_08_00_00,27,359.2969,367.7937,happy,3,3.692028710051273e-05,0.33316516997876566,4.684354186151501e-05,0.5031630325323451,0.16335568169907297,0.00020992616377062134,2.242579708378923e-05
01_01_02_05_08_00_00,29,391.8957,393.2925,neutral,3,0.00045287910721097024,0.9970324387448868,0.00012689830971940273,0.0004165392512237147,0.0017595913947351528,0.00018473217784568328,2.6921014378226523e-05
01_01_02_05_08_00_00,31,412.0995,415.4938,happy,3,0.0007555670343701447,0.003973511729243501,3.2218393312961866e-05,0.9947499171722398,0.00013533633860764331,7.974885311461471e-05,0.00027370047911136434
01_01_02_05_08_00_00,33,433.3002,441.797,neutral,3,0.0028542204954203915,0.5955007523605614,0.001391758700466526,0.3315505644859387,0.04833768546685277,0.019611581542887353,0.0007534369478725979
01_01_02_05_08_00_00,35,460.9008,462.6018,neutral,3,0.0006337485132569686,0.9519987472881031,0.0004470340061223272,0.005584462651432188,0.024830023755374082,0.01645062256781665,5.5361217894664863e-05
01_01_02_05_08_00_00,37,487.3021,489.3941,disgust,3,0.0011394549197832331,0.9640938204452223,9.678826033431954e-05,0.00020608331982245284,0.03277451533241574,0.0016694446524661646,1.9893069955821098e-05
01_01_02_05_08_00_00,39,512.9971,524.6991,disgust,3,0.0027740732892309124,0.42465709947505786,0.0031840764516844213,0.0017459874863192538,0.4158627353489654,0.15118932466485682,0.000586703283885213
01_01_02_05_08_00_00,41,549.2958,550.2035,disgust,3,0.00012341818399536411,0.9688688391737111,5.9311809317219465e-05,0.0002532433996604405,0.030652081151933422,3.561124810742772e-05,7.495033274988474e-06
01_01_02_05_08_00_00,43,567.8025,581.2953,neutral,3,0.0006580292032823068,0.5947398584863564,0.005631025164120631,0.0006921681109214225,0.38364021664647785,0.001207823029919744,0.01343087935892154
01_01_02_05_08_00_00,45,605.4036,618.8998,disgust,3,0.0045271639744434745,0.9868518813350398,0.0005835719129342721,0.0031140819965070877,0.004421758576915603,0.0004297441265131505,7.179807764648385e-05
01_01_02_05_08_00_00,47,641.4044,652.1995,disgust,3,0.014622329958313921,0.46943079350762884,0.0003109766539885223,0.5080389284669367,0.0018931743310799185,0.004241561535270061,0.0014622355467821542
01_01_02_05_08_00_00,49,672.1967,690.8062,neutral,3,0.0005976680760467938,0.3054135531195078,0.0024047668607902334,0.24222398930570152,0.4347190405059077,0.014517259527822231,0.000123722604223773
01_01_02_05_08_00_00,51,716.6035,738.8069,happy,3,0.000736390643528111,0.6662820158442573,2.4504274838770443e-05,0.3328620888037395,5.150846126799328e-05,1.2545558375769898e-05,3.094641399270365e-05
01_01_02_05_08_00_00,53,764.0979,765.8016,neutral,3,0.0003161772295121147,0.6548676832865056,8.763202452170569e-05,0.0003058740986125386,0.3438610944134627,0.00040743004831410735,0.0001541088990710996
01_01_02_05_08_00_00,55,789.3023,794.3064,surprise,3,0.0039037969102420607,0.0005581769938871305,0.0001563396403527407,0.20720874391069202,0.3332779442977711,0.018100837040334748,0.43679416120672027
01_01_02_05_08_00_00,57,813.8065,832.7018,disgust,3,0.016570290467059334,0.05105369993602574,0.0010915886192861665,0.33341660353399066,0.0018028783230028718,0.00020746470121368687,0.5958574744194215
01_01_02_05_08_00_00,59,861.4074,866.3078,happy,3,0.0001294621427787262,0.35994458776473937,8.827947311781175e-05,0.6339716030156393,0.0050961699550495605,0.0003474021515912749,0.00042249549708409334
01_01_02_05_08_00_00,61,887.9012,895.4077,happy,3,0.0005277727159282168,0.3327665607805696,0.00020845260254828763,0.6578340232361564,0.0011598492710458287,0.007457142434637665,4.61989591141165e-05
01_01_02_05_08_00_00,63,917.2031,933.4022,happy,3,8.38610881030808e-05,0.47980594625436607,7.416533263028672e-05,0.46596859306068117,0.05396995175962683,7.902006321954724e-05,1.8462441372966845e-05
01_01_02_05_08_00_00,65,957.4108,958.307,neutral,3,0.09798142245459972,0.5360855129806393,0.0013799858319678332,0.014249879998564731,0.3469993778453743,0.0028813939155092855,0.00042242697334472594
